[{"iso":"AD","iso3":"AND","iso_numeric":"020","fips":"AN","country":"Andorra","country_capital":"Andorra la Vella","area":468,"population":77006,"continent":"EU","tld":".ad","currency_code":"EUR","currency_name":"Euro","phone":"376","postal_code_format":"AD###","postal_code_regex":"^(?:AD)*(\\d{3})$","languages":"ca","geoname_id":3041565,"neighbours":"ES,FR","equivalent_fips_code":""},{"iso":"AE","iso3":"ARE","iso_numeric":"784","fips":"AE","country":"United Arab Emirates","country_capital":"Abu Dhabi","area":82880,"population":9630959,"continent":"AS","tld":".ae","currency_code":"AED","currency_name":"Dirham","phone":"971","postal_code_format":"","postal_code_regex":"","languages":"ar-AE,fa,en,hi,ur","geoname_id":290557,"neighbours":"SA,OM","equivalent_fips_code":""},{"iso":"AF","iso3":"AFG","iso_numeric":"004","fips":"AF","country":"Afghanistan","country_capital":"Kabul","area":647500,"population":37172386,"continent":"AS","tld":".af","currency_code":"AFN","currency_name":"Afghani","phone":"93","postal_code_format":"","postal_code_regex":"","languages":"fa-AF,ps,uz-AF,tk","geoname_id":1149361,"neighbours":"TM,CN,IR,TJ,PK,UZ","equivalent_fips_code":""},{"iso":"AG","iso3":"ATG","iso_numeric":"028","fips":"AC","country":"Antigua and Barbuda","country_capital":"St. John's","area":443,"population":96286,"continent":"NA","tld":".ag","currency_code":"XCD","currency_name":"Dollar","phone":"+1-268","postal_code_format":"","postal_code_regex":"","languages":"en-AG","geoname_id":3576396,"neighbours":"","equivalent_fips_code":""},{"iso":"AI","iso3":"AIA","iso_numeric":"660","fips":"AV","country":"Anguilla","country_capital":"The Valley","area":102,"population":13254,"continent":"NA","tld":".ai","currency_code":"XCD","currency_name":"Dollar","phone":"+1-264","postal_code_format":"","postal_code_regex":"","languages":"en-AI","geoname_id":3573511,"neighbours":"","equivalent_fips_code":""},{"iso":"AL","iso3":"ALB","iso_numeric":"008","fips":"AL","country":"Albania","country_capital":"Tirana","area":28748,"population":2866376,"continent":"EU","tld":".al","currency_code":"ALL","currency_name":"Lek","phone":"355","postal_code_format":"####","postal_code_regex":"^(\\d{4})$","languages":"sq,el","geoname_id":783754,"neighbours":"MK,GR,ME,RS,XK","equivalent_fips_code":""},{"iso":"AM","iso3":"ARM","iso_numeric":"051","fips":"AM","country":"Armenia","country_capital":"Yerevan","area":29800,"population":2951776,"continent":"AS","tld":".am","currency_code":"AMD","currency_name":"Dram","phone":"374","postal_code_format":"######","postal_code_regex":"^(\\d{6})$","languages":"hy","geoname_id":174982,"neighbours":"GE,IR,AZ,TR","equivalent_fips_code":""},{"iso":"AO","iso3":"AGO","iso_numeric":"024","fips":"AO","country":"Angola","country_capital":"Luanda","area":1246700,"population":30809762,"continent":"AF","tld":".ao","currency_code":"AOA","currency_name":"Kwanza","phone":"244","postal_code_format":"","postal_code_regex":"","languages":"pt-AO","geoname_id":3351879,"neighbours":"CD,NA,ZM,CG","equivalent_fips_code":""},{"iso":"AQ","iso3":"ATA","iso_numeric":"010","fips":"AY","country":"Antarctica","country_capital":"","area":14000000,"population":0,"continent":"AN","tld":".aq","currency_code":"","currency_name":"","phone":"","postal_code_format":"","postal_code_regex":"","languages":"","geoname_id":6697173,"neighbours":"","equivalent_fips_code":""},{"iso":"AR","iso3":"ARG","iso_numeric":"032","fips":"AR","country":"Argentina","country_capital":"Buenos Aires","area":2766890,"population":44494502,"continent":"SA","tld":".ar","currency_code":"ARS","currency_name":"Peso","phone":"54","postal_code_format":"@####@@@","postal_code_regex":"^[A-Z]?\\d{4}[A-Z]{0,3}$","languages":"es-AR,en,it,de,fr,gn","geoname_id":3865483,"neighbours":"CL,BO,UY,PY,BR","equivalent_fips_code":""},{"iso":"AS","iso3":"ASM","iso_numeric":"016","fips":"AQ","country":"American Samoa","country_capital":"Pago Pago","area":199,"population":55465,"continent":"OC","tld":".as","currency_code":"USD","currency_name":"Dollar","phone":"+1-684","postal_code_format":"#####-####","postal_code_regex":"96799","languages":"en-AS,sm,to","geoname_id":5880801,"neighbours":"","equivalent_fips_code":""},{"iso":"AT","iso3":"AUT","iso_numeric":"040","fips":"AU","country":"Austria","country_capital":"Vienna","area":83858,"population":8847037,"continent":"EU","tld":".at","currency_code":"EUR","currency_name":"Euro","phone":"43","postal_code_format":"####","postal_code_regex":"^(\\d{4})$","languages":"de-AT,hr,hu,sl","geoname_id":2782113,"neighbours":"CH,DE,HU,SK,CZ,IT,SI,LI","equivalent_fips_code":""},{"iso":"AU","iso3":"AUS","iso_numeric":"036","fips":"AS","country":"Australia","country_capital":"Canberra","area":7686850,"population":24992369,"continent":"OC","tld":".au","currency_code":"AUD","currency_name":"Dollar","phone":"61","postal_code_format":"####","postal_code_regex":"^(\\d{4})$","languages":"en-AU","geoname_id":2077456,"neighbours":"","equivalent_fips_code":""},{"iso":"AW","iso3":"ABW","iso_numeric":"533","fips":"AA","country":"Aruba","country_capital":"Oranjestad","area":193,"population":105845,"continent":"NA","tld":".aw","currency_code":"AWG","currency_name":"Guilder","phone":"297","postal_code_format":"","postal_code_regex":"","languages":"nl-AW,pap,es,en","geoname_id":3577279,"neighbours":"","equivalent_fips_code":""},{"iso":"AX","iso3":"ALA","iso_numeric":"248","fips":"","country":"Aland Islands","country_capital":"Mariehamn","area":1580,"population":26711,"continent":"EU","tld":".ax","currency_code":"EUR","currency_name":"Euro","phone":"+358-18","postal_code_format":"#####","postal_code_regex":"^(?:FI)*(\\d{5})$","languages":"sv-AX","geoname_id":661882,"neighbours":"","equivalent_fips_code":"FI"},{"iso":"AZ","iso3":"AZE","iso_numeric":"031","fips":"AJ","country":"Azerbaijan","country_capital":"Baku","area":86600,"population":9942334,"continent":"AS","tld":".az","currency_code":"AZN","currency_name":"Manat","phone":"994","postal_code_format":"AZ ####","postal_code_regex":"^(?:AZ)*(\\d{4})$","languages":"az,ru,hy","geoname_id":587116,"neighbours":"GE,IR,AM,TR,RU","equivalent_fips_code":""},{"iso":"BA","iso3":"BIH","iso_numeric":"070","fips":"BK","country":"Bosnia and Herzegovina","country_capital":"Sarajevo","area":51129,"population":3323929,"continent":"EU","tld":".ba","currency_code":"BAM","currency_name":"Marka","phone":"387","postal_code_format":"#####","postal_code_regex":"^(\\d{5})$","languages":"bs,hr-BA,sr-BA","geoname_id":3277605,"neighbours":"HR,ME,RS","equivalent_fips_code":""},{"iso":"BB","iso3":"BRB","iso_numeric":"052","fips":"BB","country":"Barbados","country_capital":"Bridgetown","area":431,"population":286641,"continent":"NA","tld":".bb","currency_code":"BBD","currency_name":"Dollar","phone":"+1-246","postal_code_format":"BB#####","postal_code_regex":"^(?:BB)*(\\d{5})$","languages":"en-BB","geoname_id":3374084,"neighbours":"","equivalent_fips_code":""},{"iso":"BD","iso3":"BGD","iso_numeric":"050","fips":"BG","country":"Bangladesh","country_capital":"Dhaka","area":144000,"population":161356039,"continent":"AS","tld":".bd","currency_code":"BDT","currency_name":"Taka","phone":"880","postal_code_format":"####","postal_code_regex":"^(\\d{4})$","languages":"bn-BD,en","geoname_id":1210997,"neighbours":"MM,IN","equivalent_fips_code":""},{"iso":"BE","iso3":"BEL","iso_numeric":"056","fips":"BE","country":"Belgium","country_capital":"Brussels","area":30510,"population":11422068,"continent":"EU","tld":".be","currency_code":"EUR","currency_name":"Euro","phone":"32","postal_code_format":"####","postal_code_regex":"^(\\d{4})$","languages":"nl-BE,fr-BE,de-BE","geoname_id":2802361,"neighbours":"DE,NL,LU,FR","equivalent_fips_code":""},{"iso":"BF","iso3":"BFA","iso_numeric":"854","fips":"UV","country":"Burkina Faso","country_capital":"Ouagadougou","area":274200,"population":19751535,"continent":"AF","tld":".bf","currency_code":"XOF","currency_name":"Franc","phone":"226","postal_code_format":"","postal_code_regex":"","languages":"fr-BF,mos","geoname_id":2361809,"neighbours":"NE,BJ,GH,CI,TG,ML","equivalent_fips_code":""},{"iso":"BG","iso3":"BGR","iso_numeric":"100","fips":"BU","country":"Bulgaria","country_capital":"Sofia","area":110910,"population":7000039,"continent":"EU","tld":".bg","currency_code":"BGN","currency_name":"Lev","phone":"359","postal_code_format":"####","postal_code_regex":"^(\\d{4})$","languages":"bg,tr-BG,rom","geoname_id":732800,"neighbours":"MK,GR,RO,TR,RS","equivalent_fips_code":""},{"iso":"BH","iso3":"BHR","iso_numeric":"048","fips":"BA","country":"Bahrain","country_capital":"Manama","area":665,"population":1569439,"continent":"AS","tld":".bh","currency_code":"BHD","currency_name":"Dinar","phone":"973","postal_code_format":"####|###","postal_code_regex":"^(\\d{3}\\d?)$","languages":"ar-BH,en,fa,ur","geoname_id":290291,"neighbours":"","equivalent_fips_code":""},{"iso":"BI","iso3":"BDI","iso_numeric":"108","fips":"BY","country":"Burundi","country_capital":"Gitega","area":27830,"population":11175378,"continent":"AF","tld":".bi","currency_code":"BIF","currency_name":"Franc","phone":"257","postal_code_format":"","postal_code_regex":"","languages":"fr-BI,rn","geoname_id":433561,"neighbours":"TZ,CD,RW","equivalent_fips_code":""},{"iso":"BJ","iso3":"BEN","iso_numeric":"204","fips":"BN","country":"Benin","country_capital":"Porto-Novo","area":112620,"population":11485048,"continent":"AF","tld":".bj","currency_code":"XOF","currency_name":"Franc","phone":"229","postal_code_format":"","postal_code_regex":"","languages":"fr-BJ","geoname_id":2395170,"neighbours":"NE,TG,BF,NG","equivalent_fips_code":""},{"iso":"BL","iso3":"BLM","iso_numeric":"652","fips":"TB","country":"Saint Barthelemy","country_capital":"Gustavia","area":21,"population":8450,"continent":"NA","tld":".gp","currency_code":"EUR","currency_name":"Euro","phone":"590","postal_code_format":"#####","postal_code_regex":"^(\\d{5})$","languages":"fr","geoname_id":3578476,"neighbours":"","equivalent_fips_code":""},{"iso":"BM","iso3":"BMU","iso_numeric":"060","fips":"BD","country":"Bermuda","country_capital":"Hamilton","area":53,"population":63968,"continent":"NA","tld":".bm","currency_code":"BMD","currency_name":"Dollar","phone":"+1-441","postal_code_format":"@@ ##","postal_code_regex":"^([A-Z]{2}\\d{2})$","languages":"en-BM,pt","geoname_id":3573345,"neighbours":"","equivalent_fips_code":""},{"iso":"BN","iso3":"BRN","iso_numeric":"096","fips":"BX","country":"Brunei","country_capital":"Bandar Seri Begawan","area":5770,"population":428962,"continent":"AS","tld":".bn","currency_code":"BND","currency_name":"Dollar","phone":"673","postal_code_format":"@@####","postal_code_regex":"^([A-Z]{2}\\d{4})$","languages":"ms-BN,en-BN","geoname_id":1820814,"neighbours":"MY","equivalent_fips_code":""},{"iso":"BO","iso3":"BOL","iso_numeric":"068","fips":"BL","country":"Bolivia","country_capital":"Sucre","area":1098580,"population":11353142,"continent":"SA","tld":".bo","currency_code":"BOB","currency_name":"Boliviano","phone":"591","postal_code_format":"","postal_code_regex":"","languages":"es-BO,qu,ay","geoname_id":3923057,"neighbours":"PE,CL,PY,BR,AR","equivalent_fips_code":""},{"iso":"BQ","iso3":"BES","iso_numeric":"535","fips":"","country":"Bonaire, Saint Eustatius and Saba ","country_capital":"","area":328,"population":18012,"continent":"NA","tld":".bq","currency_code":"USD","currency_name":"Dollar","phone":"599","postal_code_format":"","postal_code_regex":"","languages":"nl,pap,en","geoname_id":7626844,"neighbours":"","equivalent_fips_code":""},{"iso":"BR","iso3":"BRA","iso_numeric":"076","fips":"BR","country":"Brazil","country_capital":"Brasilia","area":8511965,"population":209469333,"continent":"SA","tld":".br","currency_code":"BRL","currency_name":"Real","phone":"55","postal_code_format":"#####-###","postal_code_regex":"^\\d{5}-\\d{3}$","languages":"pt-BR,es,en,fr","geoname_id":3469034,"neighbours":"SR,PE,BO,UY,GY,PY,GF,VE,CO,AR","equivalent_fips_code":""},{"iso":"BS","iso3":"BHS","iso_numeric":"044","fips":"BF","country":"Bahamas","country_capital":"Nassau","area":13940,"population":385640,"continent":"NA","tld":".bs","currency_code":"BSD","currency_name":"Dollar","phone":"+1-242","postal_code_format":"","postal_code_regex":"","languages":"en-BS","geoname_id":3572887,"neighbours":"","equivalent_fips_code":""},{"iso":"BT","iso3":"BTN","iso_numeric":"064","fips":"BT","country":"Bhutan","country_capital":"Thimphu","area":47000,"population":754394,"continent":"AS","tld":".bt","currency_code":"BTN","currency_name":"Ngultrum","phone":"975","postal_code_format":"","postal_code_regex":"","languages":"dz","geoname_id":1252634,"neighbours":"CN,IN","equivalent_fips_code":""},{"iso":"BV","iso3":"BVT","iso_numeric":"074","fips":"BV","country":"Bouvet Island","country_capital":"","area":49,"population":0,"continent":"AN","tld":".bv","currency_code":"NOK","currency_name":"Krone","phone":"","postal_code_format":"","postal_code_regex":"","languages":"","geoname_id":3371123,"neighbours":"","equivalent_fips_code":""},{"iso":"BW","iso3":"BWA","iso_numeric":"072","fips":"BC","country":"Botswana","country_capital":"Gaborone","area":600370,"population":2254126,"continent":"AF","tld":".bw","currency_code":"BWP","currency_name":"Pula","phone":"267","postal_code_format":"","postal_code_regex":"","languages":"en-BW,tn-BW","geoname_id":933860,"neighbours":"ZW,ZA,NA","equivalent_fips_code":""},{"iso":"BY","iso3":"BLR","iso_numeric":"112","fips":"BO","country":"Belarus","country_capital":"Minsk","area":207600,"population":9485386,"continent":"EU","tld":".by","currency_code":"BYN","currency_name":"Belarusian ruble","phone":"375","postal_code_format":"######","postal_code_regex":"^(\\d{6})$","languages":"be,ru","geoname_id":630336,"neighbours":"PL,LT,UA,RU,LV","equivalent_fips_code":""},{"iso":"BZ","iso3":"BLZ","iso_numeric":"084","fips":"BH","country":"Belize","country_capital":"Belmopan","area":22966,"population":383071,"continent":"NA","tld":".bz","currency_code":"BZD","currency_name":"Dollar","phone":"501","postal_code_format":"","postal_code_regex":"","languages":"en-BZ,es","geoname_id":3582678,"neighbours":"GT,MX","equivalent_fips_code":""},{"iso":"CA","iso3":"CAN","iso_numeric":"124","fips":"CA","country":"Canada","country_capital":"Ottawa","area":9984670,"population":37058856,"continent":"NA","tld":".ca","currency_code":"CAD","currency_name":"Dollar","phone":"1","postal_code_format":"@#@ #@#","postal_code_regex":"^([ABCEGHJKLMNPRSTVXY]\\d[ABCEGHJKLMNPRSTVWXYZ]) ?(\\d[ABCEGHJKLMNPRSTVWXYZ]\\d)$ ","languages":"en-CA,fr-CA,iu","geoname_id":6251999,"neighbours":"US","equivalent_fips_code":""},{"iso":"CC","iso3":"CCK","iso_numeric":"166","fips":"CK","country":"Cocos Islands","country_capital":"West Island","area":14,"population":628,"continent":"AS","tld":".cc","currency_code":"AUD","currency_name":"Dollar","phone":"61","postal_code_format":"","postal_code_regex":"","languages":"ms-CC,en","geoname_id":1547376,"neighbours":"","equivalent_fips_code":""},{"iso":"CD","iso3":"COD","iso_numeric":"180","fips":"CG","country":"Democratic Republic of the Congo","country_capital":"Kinshasa","area":2345410,"population":84068091,"continent":"AF","tld":".cd","currency_code":"CDF","currency_name":"Franc","phone":"243","postal_code_format":"","postal_code_regex":"","languages":"fr-CD,ln,ktu,kg,sw,lua","geoname_id":203312,"neighbours":"TZ,CF,SS,RW,ZM,BI,UG,CG,AO","equivalent_fips_code":""},{"iso":"CF","iso3":"CAF","iso_numeric":"140","fips":"CT","country":"Central African Republic","country_capital":"Bangui","area":622984,"population":4666377,"continent":"AF","tld":".cf","currency_code":"XAF","currency_name":"Franc","phone":"236","postal_code_format":"","postal_code_regex":"","languages":"fr-CF,sg,ln,kg","geoname_id":239880,"neighbours":"TD,SD,CD,SS,CM,CG","equivalent_fips_code":""},{"iso":"CG","iso3":"COG","iso_numeric":"178","fips":"CF","country":"Republic of the Congo","country_capital":"Brazzaville","area":342000,"population":5244363,"continent":"AF","tld":".cg","currency_code":"XAF","currency_name":"Franc","phone":"242","postal_code_format":"","postal_code_regex":"","languages":"fr-CG,kg,ln-CG","geoname_id":2260494,"neighbours":"CF,GA,CD,CM,AO","equivalent_fips_code":""},{"iso":"CH","iso3":"CHE","iso_numeric":"756","fips":"SZ","country":"Switzerland","country_capital":"Bern","area":41290,"population":8516543,"continent":"EU","tld":".ch","currency_code":"CHF","currency_name":"Franc","phone":"41","postal_code_format":"####","postal_code_regex":"^(\\d{4})$","languages":"de-CH,fr-CH,it-CH,rm","geoname_id":2658434,"neighbours":"DE,IT,LI,FR,AT","equivalent_fips_code":""},{"iso":"CI","iso3":"CIV","iso_numeric":"384","fips":"IV","country":"Ivory Coast","country_capital":"Yamoussoukro","area":322460,"population":25069229,"continent":"AF","tld":".ci","currency_code":"XOF","currency_name":"Franc","phone":"225","postal_code_format":"","postal_code_regex":"","languages":"fr-CI","geoname_id":2287781,"neighbours":"LR,GH,GN,BF,ML","equivalent_fips_code":""},{"iso":"CK","iso3":"COK","iso_numeric":"184","fips":"CW","country":"Cook Islands","country_capital":"Avarua","area":240,"population":21388,"continent":"OC","tld":".ck","currency_code":"NZD","currency_name":"Dollar","phone":"682","postal_code_format":"","postal_code_regex":"","languages":"en-CK,mi","geoname_id":1899402,"neighbours":"","equivalent_fips_code":""},{"iso":"CL","iso3":"CHL","iso_numeric":"152","fips":"CI","country":"Chile","country_capital":"Santiago","area":756950,"population":18729160,"continent":"SA","tld":".cl","currency_code":"CLP","currency_name":"Peso","phone":"56","postal_code_format":"#######","postal_code_regex":"^(\\d{7})$","languages":"es-CL","geoname_id":3895114,"neighbours":"PE,BO,AR","equivalent_fips_code":""},{"iso":"CM","iso3":"CMR","iso_numeric":"120","fips":"CM","country":"Cameroon","country_capital":"Yaounde","area":475440,"population":25216237,"continent":"AF","tld":".cm","currency_code":"XAF","currency_name":"Franc","phone":"237","postal_code_format":"","postal_code_regex":"","languages":"en-CM,fr-CM","geoname_id":2233387,"neighbours":"TD,CF,GA,GQ,CG,NG","equivalent_fips_code":""},{"iso":"CN","iso3":"CHN","iso_numeric":"156","fips":"CH","country":"China","country_capital":"Beijing","area":9596960,"population":1392730000,"continent":"AS","tld":".cn","currency_code":"CNY","currency_name":"Yuan Renminbi","phone":"86","postal_code_format":"######","postal_code_regex":"^(\\d{6})$","languages":"zh-CN,yue,wuu,dta,ug,za","geoname_id":1814991,"neighbours":"LA,BT,TJ,KZ,MN,AF,NP,MM,KG,PK,KP,RU,VN,IN","equivalent_fips_code":""},{"iso":"CO","iso3":"COL","iso_numeric":"170","fips":"CO","country":"Colombia","country_capital":"Bogota","area":1138910,"population":49648685,"continent":"SA","tld":".co","currency_code":"COP","currency_name":"Peso","phone":"57","postal_code_format":"######","postal_code_regex":"^(\\d{6})$","languages":"es-CO","geoname_id":3686110,"neighbours":"EC,PE,PA,BR,VE","equivalent_fips_code":""},{"iso":"CR","iso3":"CRI","iso_numeric":"188","fips":"CS","country":"Costa Rica","country_capital":"San Jose","area":51100,"population":4999441,"continent":"NA","tld":".cr","currency_code":"CRC","currency_name":"Colon","phone":"506","postal_code_format":"#####","postal_code_regex":"^(\\d{5})$","languages":"es-CR,en","geoname_id":3624060,"neighbours":"PA,NI","equivalent_fips_code":""},{"iso":"CU","iso3":"CUB","iso_numeric":"192","fips":"CU","country":"Cuba","country_capital":"Havana","area":110860,"population":11338138,"continent":"NA","tld":".cu","currency_code":"CUP","currency_name":"Peso","phone":"53","postal_code_format":"CP #####","postal_code_regex":"^(?:CP)*(\\d{5})$","languages":"es-CU,pap","geoname_id":3562981,"neighbours":"US","equivalent_fips_code":""},{"iso":"CV","iso3":"CPV","iso_numeric":"132","fips":"CV","country":"Cabo Verde","country_capital":"Praia","area":4033,"population":543767,"continent":"AF","tld":".cv","currency_code":"CVE","currency_name":"Escudo","phone":"238","postal_code_format":"####","postal_code_regex":"^(\\d{4})$","languages":"pt-CV","geoname_id":3374766,"neighbours":"","equivalent_fips_code":""},{"iso":"CW","iso3":"CUW","iso_numeric":"531","fips":"UC","country":"Curacao","country_capital":" Willemstad","area":444,"population":159849,"continent":"NA","tld":".cw","currency_code":"ANG","currency_name":"Guilder","phone":"599","postal_code_format":"","postal_code_regex":"","languages":"nl,pap","geoname_id":7626836,"neighbours":"","equivalent_fips_code":""},{"iso":"CX","iso3":"CXR","iso_numeric":"162","fips":"KT","country":"Christmas Island","country_capital":"Flying Fish Cove","area":135,"population":1500,"continent":"OC","tld":".cx","currency_code":"AUD","currency_name":"Dollar","phone":"61","postal_code_format":"####","postal_code_regex":"^(\\d{4})$","languages":"en,zh,ms-CC","geoname_id":2078138,"neighbours":"","equivalent_fips_code":""},{"iso":"CY","iso3":"CYP","iso_numeric":"196","fips":"CY","country":"Cyprus","country_capital":"Nicosia","area":9250,"population":1189265,"continent":"EU","tld":".cy","currency_code":"EUR","currency_name":"Euro","phone":"357","postal_code_format":"####","postal_code_regex":"^(\\d{4})$","languages":"el-CY,tr-CY,en","geoname_id":146669,"neighbours":"","equivalent_fips_code":""},{"iso":"CZ","iso3":"CZE","iso_numeric":"203","fips":"EZ","country":"Czechia","country_capital":"Prague","area":78866,"population":10625695,"continent":"EU","tld":".cz","currency_code":"CZK","currency_name":"Koruna","phone":"420","postal_code_format":"### ##","postal_code_regex":"^\\d{3}\\s?\\d{2}$","languages":"cs,sk","geoname_id":3077311,"neighbours":"PL,DE,SK,AT","equivalent_fips_code":""},{"iso":"DE","iso3":"DEU","iso_numeric":"276","fips":"GM","country":"Germany","country_capital":"Berlin","area":357021,"population":82927922,"continent":"EU","tld":".de","currency_code":"EUR","currency_name":"Euro","phone":"49","postal_code_format":"#####","postal_code_regex":"^(\\d{5})$","languages":"de","geoname_id":2921044,"neighbours":"CH,PL,NL,DK,BE,CZ,LU,FR,AT","equivalent_fips_code":""},{"iso":"DJ","iso3":"DJI","iso_numeric":"262","fips":"DJ","country":"Djibouti","country_capital":"Djibouti","area":23000,"population":958920,"continent":"AF","tld":".dj","currency_code":"DJF","currency_name":"Franc","phone":"253","postal_code_format":"","postal_code_regex":"","languages":"fr-DJ,ar,so-DJ,aa","geoname_id":223816,"neighbours":"ER,ET,SO","equivalent_fips_code":""},{"iso":"DK","iso3":"DNK","iso_numeric":"208","fips":"DA","country":"Denmark","country_capital":"Copenhagen","area":43094,"population":5797446,"continent":"EU","tld":".dk","currency_code":"DKK","currency_name":"Krone","phone":"45","postal_code_format":"####","postal_code_regex":"^(\\d{4})$","languages":"da-DK,en,fo,de-DK","geoname_id":2623032,"neighbours":"DE","equivalent_fips_code":""},{"iso":"DM","iso3":"DMA","iso_numeric":"212","fips":"DO","country":"Dominica","country_capital":"Roseau","area":754,"population":71625,"continent":"NA","tld":".dm","currency_code":"XCD","currency_name":"Dollar","phone":"+1-767","postal_code_format":"","postal_code_regex":"","languages":"en-DM","geoname_id":3575830,"neighbours":"","equivalent_fips_code":""},{"iso":"DO","iso3":"DOM","iso_numeric":"214","fips":"DR","country":"Dominican Republic","country_capital":"Santo Domingo","area":48730,"population":10627165,"continent":"NA","tld":".do","currency_code":"DOP","currency_name":"Peso","phone":"+1-809 and 1-829","postal_code_format":"#####","postal_code_regex":"^(\\d{5})$","languages":"es-DO","geoname_id":3508796,"neighbours":"HT","equivalent_fips_code":""},{"iso":"DZ","iso3":"DZA","iso_numeric":"012","fips":"AG","country":"Algeria","country_capital":"Algiers","area":2381740,"population":42228429,"continent":"AF","tld":".dz","currency_code":"DZD","currency_name":"Dinar","phone":"213","postal_code_format":"#####","postal_code_regex":"^(\\d{5})$","languages":"ar-DZ","geoname_id":2589581,"neighbours":"NE,EH,LY,MR,TN,MA,ML","equivalent_fips_code":""},{"iso":"EC","iso3":"ECU","iso_numeric":"218","fips":"EC","country":"Ecuador","country_capital":"Quito","area":283560,"population":17084357,"continent":"SA","tld":".ec","currency_code":"USD","currency_name":"Dollar","phone":"593","postal_code_format":"@####@","postal_code_regex":"^([a-zA-Z]\\d{4}[a-zA-Z])$","languages":"es-EC","geoname_id":3658394,"neighbours":"PE,CO","equivalent_fips_code":""},{"iso":"EE","iso3":"EST","iso_numeric":"233","fips":"EN","country":"Estonia","country_capital":"Tallinn","area":45226,"population":1320884,"continent":"EU","tld":".ee","currency_code":"EUR","currency_name":"Euro","phone":"372","postal_code_format":"#####","postal_code_regex":"^(\\d{5})$","languages":"et,ru","geoname_id":453733,"neighbours":"RU,LV","equivalent_fips_code":""},{"iso":"EG","iso3":"EGY","iso_numeric":"818","fips":"EG","country":"Egypt","country_capital":"Cairo","area":1001450,"population":98423595,"continent":"AF","tld":".eg","currency_code":"EGP","currency_name":"Pound","phone":"20","postal_code_format":"#####","postal_code_regex":"^(\\d{5})$","languages":"ar-EG,en,fr","geoname_id":357994,"neighbours":"LY,SD,IL,PS","equivalent_fips_code":""},{"iso":"EH","iso3":"ESH","iso_numeric":"732","fips":"WI","country":"Western Sahara","country_capital":"El-Aaiun","area":266000,"population":273008,"continent":"AF","tld":".eh","currency_code":"MAD","currency_name":"Dirham","phone":"212","postal_code_format":"","postal_code_regex":"","languages":"ar,mey","geoname_id":2461445,"neighbours":"DZ,MR,MA","equivalent_fips_code":""},{"iso":"ER","iso3":"ERI","iso_numeric":"232","fips":"ER","country":"Eritrea","country_capital":"Asmara","area":121320,"population":0,"continent":"AF","tld":".er","currency_code":"ERN","currency_name":"Nakfa","phone":"291","postal_code_format":"","postal_code_regex":"","languages":"aa-ER,ar,tig,kun,ti-ER","geoname_id":338010,"neighbours":"ET,SD,DJ","equivalent_fips_code":""},{"iso":"ES","iso3":"ESP","iso_numeric":"724","fips":"SP","country":"Spain","country_capital":"Madrid","area":504782,"population":46723749,"continent":"EU","tld":".es","currency_code":"EUR","currency_name":"Euro","phone":"34","postal_code_format":"#####","postal_code_regex":"^(\\d{5})$","languages":"es-ES,ca,gl,eu,oc","geoname_id":2510769,"neighbours":"AD,PT,GI,FR,MA","equivalent_fips_code":""},{"iso":"ET","iso3":"ETH","iso_numeric":"231","fips":"ET","country":"Ethiopia","country_capital":"Addis Ababa","area":1127127,"population":109224559,"continent":"AF","tld":".et","currency_code":"ETB","currency_name":"Birr","phone":"251","postal_code_format":"####","postal_code_regex":"^(\\d{4})$","languages":"am,en-ET,om-ET,ti-ET,so-ET,sid","geoname_id":337996,"neighbours":"ER,KE,SD,SS,SO,DJ","equivalent_fips_code":""},{"iso":"FI","iso3":"FIN","iso_numeric":"246","fips":"FI","country":"Finland","country_capital":"Helsinki","area":337030,"population":5518050,"continent":"EU","tld":".fi","currency_code":"EUR","currency_name":"Euro","phone":"358","postal_code_format":"#####","postal_code_regex":"^(?:FI)*(\\d{5})$","languages":"fi-FI,sv-FI,smn","geoname_id":660013,"neighbours":"NO,RU,SE","equivalent_fips_code":""},{"iso":"FJ","iso3":"FJI","iso_numeric":"242","fips":"FJ","country":"Fiji","country_capital":"Suva","area":18270,"population":883483,"continent":"OC","tld":".fj","currency_code":"FJD","currency_name":"Dollar","phone":"679","postal_code_format":"","postal_code_regex":"","languages":"en-FJ,fj","geoname_id":2205218,"neighbours":"","equivalent_fips_code":""},{"iso":"FK","iso3":"FLK","iso_numeric":"238","fips":"FK","country":"Falkland Islands","country_capital":"Stanley","area":12173,"population":2638,"continent":"SA","tld":".fk","currency_code":"FKP","currency_name":"Pound","phone":"500","postal_code_format":"","postal_code_regex":"","languages":"en-FK","geoname_id":3474414,"neighbours":"","equivalent_fips_code":""},{"iso":"FM","iso3":"FSM","iso_numeric":"583","fips":"FM","country":"Micronesia","country_capital":"Palikir","area":702,"population":112640,"continent":"OC","tld":".fm","currency_code":"USD","currency_name":"Dollar","phone":"691","postal_code_format":"#####","postal_code_regex":"^(\\d{5})$","languages":"en-FM,chk,pon,yap,kos,uli,woe,nkr,kpg","geoname_id":2081918,"neighbours":"","equivalent_fips_code":""},{"iso":"FO","iso3":"FRO","iso_numeric":"234","fips":"FO","country":"Faroe Islands","country_capital":"Torshavn","area":1399,"population":48497,"continent":"EU","tld":".fo","currency_code":"DKK","currency_name":"Krone","phone":"298","postal_code_format":"###","postal_code_regex":"^(?:FO)*(\\d{3})$","languages":"fo,da-FO","geoname_id":2622320,"neighbours":"","equivalent_fips_code":""},{"iso":"FR","iso3":"FRA","iso_numeric":"250","fips":"FR","country":"France","country_capital":"Paris","area":547030,"population":66987244,"continent":"EU","tld":".fr","currency_code":"EUR","currency_name":"Euro","phone":"33","postal_code_format":"#####","postal_code_regex":"^(\\d{5})$","languages":"fr-FR,frp,br,co,ca,eu,oc","geoname_id":3017382,"neighbours":"CH,DE,BE,LU,IT,AD,MC,ES","equivalent_fips_code":""},{"iso":"GA","iso3":"GAB","iso_numeric":"266","fips":"GB","country":"Gabon","country_capital":"Libreville","area":267667,"population":2119275,"continent":"AF","tld":".ga","currency_code":"XAF","currency_name":"Franc","phone":"241","postal_code_format":"","postal_code_regex":"","languages":"fr-GA","geoname_id":2400553,"neighbours":"CM,GQ,CG","equivalent_fips_code":""},{"iso":"GB","iso3":"GBR","iso_numeric":"826","fips":"UK","country":"United Kingdom","country_capital":"London","area":244820,"population":66488991,"continent":"EU","tld":".uk","currency_code":"GBP","currency_name":"Pound","phone":"44","postal_code_format":"@# #@@|@## #@@|@@# #@@|@@## #@@|@#@ #@@|@@#@ #@@|GIR0AA","postal_code_regex":"^([Gg][Ii][Rr]\\s?0[Aa]{2})|((([A-Za-z][0-9]{1,2})|(([A-Za-z][A-Ha-hJ-Yj-y][0-9]{1,2})|(([A-Za-z][0-9][A-Za-z])|([A-Za-z][A-Ha-hJ-Yj-y][0-9]?[A-Za-z]))))\\s?[0-9][A-Za-z]{2})$","languages":"en-GB,cy-GB,gd","geoname_id":2635167,"neighbours":"IE","equivalent_fips_code":""},{"iso":"GD","iso3":"GRD","iso_numeric":"308","fips":"GJ","country":"Grenada","country_capital":"St. George's","area":344,"population":111454,"continent":"NA","tld":".gd","currency_code":"XCD","currency_name":"Dollar","phone":"+1-473","postal_code_format":"","postal_code_regex":"","languages":"en-GD","geoname_id":3580239,"neighbours":"","equivalent_fips_code":""},{"iso":"GE","iso3":"GEO","iso_numeric":"268","fips":"GG","country":"Georgia","country_capital":"Tbilisi","area":69700,"population":3731000,"continent":"AS","tld":".ge","currency_code":"GEL","currency_name":"Lari","phone":"995","postal_code_format":"####","postal_code_regex":"^(\\d{4})$","languages":"ka,ru,hy,az","geoname_id":614540,"neighbours":"AM,AZ,TR,RU","equivalent_fips_code":""},{"iso":"GF","iso3":"GUF","iso_numeric":"254","fips":"FG","country":"French Guiana","country_capital":"Cayenne","area":91000,"population":195506,"continent":"SA","tld":".gf","currency_code":"EUR","currency_name":"Euro","phone":"594","postal_code_format":"#####","postal_code_regex":"^((97|98)3\\d{2})$","languages":"fr-GF","geoname_id":3381670,"neighbours":"SR,BR","equivalent_fips_code":""},{"iso":"GG","iso3":"GGY","iso_numeric":"831","fips":"GK","country":"Guernsey","country_capital":"St Peter Port","area":78,"population":65228,"continent":"EU","tld":".gg","currency_code":"GBP","currency_name":"Pound","phone":"+44-1481","postal_code_format":"@# #@@|@## #@@|@@# #@@|@@## #@@|@#@ #@@|@@#@ #@@|GIR0AA","postal_code_regex":"^((?:(?:[A-PR-UWYZ][A-HK-Y]\\d[ABEHMNPRV-Y0-9]|[A-PR-UWYZ]\\d[A-HJKPS-UW0-9])\\s\\d[ABD-HJLNP-UW-Z]{2})|GIR\\s?0AA)$","languages":"en,nrf","geoname_id":3042362,"neighbours":"","equivalent_fips_code":""},{"iso":"GH","iso3":"GHA","iso_numeric":"288","fips":"GH","country":"Ghana","country_capital":"Accra","area":239460,"population":29767108,"continent":"AF","tld":".gh","currency_code":"GHS","currency_name":"Cedi","phone":"233","postal_code_format":"","postal_code_regex":"","languages":"en-GH,ak,ee,tw","geoname_id":2300660,"neighbours":"CI,TG,BF","equivalent_fips_code":""},{"iso":"GI","iso3":"GIB","iso_numeric":"292","fips":"GI","country":"Gibraltar","country_capital":"Gibraltar","area":6.5,"population":33718,"continent":"EU","tld":".gi","currency_code":"GIP","currency_name":"Pound","phone":"350","postal_code_format":"","postal_code_regex":"","languages":"en-GI,es,it,pt","geoname_id":2411586,"neighbours":"ES","equivalent_fips_code":""},{"iso":"GL","iso3":"GRL","iso_numeric":"304","fips":"GL","country":"Greenland","country_capital":"Nuuk","area":2166086,"population":56025,"continent":"NA","tld":".gl","currency_code":"DKK","currency_name":"Krone","phone":"299","postal_code_format":"####","postal_code_regex":"^(\\d{4})$","languages":"kl,da-GL,en","geoname_id":3425505,"neighbours":"","equivalent_fips_code":""},{"iso":"GM","iso3":"GMB","iso_numeric":"270","fips":"GA","country":"Gambia","country_capital":"Banjul","area":11300,"population":2280102,"continent":"AF","tld":".gm","currency_code":"GMD","currency_name":"Dalasi","phone":"220","postal_code_format":"","postal_code_regex":"","languages":"en-GM,mnk,wof,wo,ff","geoname_id":2413451,"neighbours":"SN","equivalent_fips_code":""},{"iso":"GN","iso3":"GIN","iso_numeric":"324","fips":"GV","country":"Guinea","country_capital":"Conakry","area":245857,"population":12414318,"continent":"AF","tld":".gn","currency_code":"GNF","currency_name":"Franc","phone":"224","postal_code_format":"","postal_code_regex":"","languages":"fr-GN","geoname_id":2420477,"neighbours":"LR,SN,SL,CI,GW,ML","equivalent_fips_code":""},{"iso":"GP","iso3":"GLP","iso_numeric":"312","fips":"GP","country":"Guadeloupe","country_capital":"Basse-Terre","area":1780,"population":443000,"continent":"NA","tld":".gp","currency_code":"EUR","currency_name":"Euro","phone":"590","postal_code_format":"#####","postal_code_regex":"^((97|98)\\d{3})$","languages":"fr-GP","geoname_id":3579143,"neighbours":"","equivalent_fips_code":""},{"iso":"GQ","iso3":"GNQ","iso_numeric":"226","fips":"EK","country":"Equatorial Guinea","country_capital":"Malabo","area":28051,"population":1308974,"continent":"AF","tld":".gq","currency_code":"XAF","currency_name":"Franc","phone":"240","postal_code_format":"","postal_code_regex":"","languages":"es-GQ,fr,pt","geoname_id":2309096,"neighbours":"GA,CM","equivalent_fips_code":""},{"iso":"GR","iso3":"GRC","iso_numeric":"300","fips":"GR","country":"Greece","country_capital":"Athens","area":131940,"population":10727668,"continent":"EU","tld":".gr","currency_code":"EUR","currency_name":"Euro","phone":"30","postal_code_format":"### ##","postal_code_regex":"^(\\d{5})$","languages":"el-GR,en,fr","geoname_id":390903,"neighbours":"AL,MK,TR,BG","equivalent_fips_code":""},{"iso":"GS","iso3":"SGS","iso_numeric":"239","fips":"SX","country":"South Georgia and the South Sandwich Islands","country_capital":"Grytviken","area":3903,"population":30,"continent":"AN","tld":".gs","currency_code":"GBP","currency_name":"Pound","phone":"","postal_code_format":"","postal_code_regex":"","languages":"en","geoname_id":3474415,"neighbours":"","equivalent_fips_code":""},{"iso":"GT","iso3":"GTM","iso_numeric":"320","fips":"GT","country":"Guatemala","country_capital":"Guatemala City","area":108890,"population":17247807,"continent":"NA","tld":".gt","currency_code":"GTQ","currency_name":"Quetzal","phone":"502","postal_code_format":"#####","postal_code_regex":"^(\\d{5})$","languages":"es-GT","geoname_id":3595528,"neighbours":"MX,HN,BZ,SV","equivalent_fips_code":""},{"iso":"GU","iso3":"GUM","iso_numeric":"316","fips":"GQ","country":"Guam","country_capital":"Hagatna","area":549,"population":165768,"continent":"OC","tld":".gu","currency_code":"USD","currency_name":"Dollar","phone":"+1-671","postal_code_format":"969##","postal_code_regex":"^(969\\d{2})$","languages":"en-GU,ch-GU","geoname_id":4043988,"neighbours":"","equivalent_fips_code":""},{"iso":"GW","iso3":"GNB","iso_numeric":"624","fips":"PU","country":"Guinea-Bissau","country_capital":"Bissau","area":36120,"population":1874309,"continent":"AF","tld":".gw","currency_code":"XOF","currency_name":"Franc","phone":"245","postal_code_format":"####","postal_code_regex":"^(\\d{4})$","languages":"pt-GW,pov","geoname_id":2372248,"neighbours":"SN,GN","equivalent_fips_code":""},{"iso":"GY","iso3":"GUY","iso_numeric":"328","fips":"GY","country":"Guyana","country_capital":"Georgetown","area":214970,"population":779004,"continent":"SA","tld":".gy","currency_code":"GYD","currency_name":"Dollar","phone":"592","postal_code_format":"","postal_code_regex":"","languages":"en-GY","geoname_id":3378535,"neighbours":"SR,BR,VE","equivalent_fips_code":""},{"iso":"HK","iso3":"HKG","iso_numeric":"344","fips":"HK","country":"Hong Kong","country_capital":"Hong Kong","area":1092,"population":7451000,"continent":"AS","tld":".hk","currency_code":"HKD","currency_name":"Dollar","phone":"852","postal_code_format":"","postal_code_regex":"","languages":"zh-HK,yue,zh,en","geoname_id":1819730,"neighbours":"","equivalent_fips_code":""},{"iso":"HM","iso3":"HMD","iso_numeric":"334","fips":"HM","country":"Heard Island and McDonald Islands","country_capital":"","area":412,"population":0,"continent":"AN","tld":".hm","currency_code":"AUD","currency_name":"Dollar","phone":" ","postal_code_format":"","postal_code_regex":"","languages":"","geoname_id":1547314,"neighbours":"","equivalent_fips_code":""},{"iso":"HN","iso3":"HND","iso_numeric":"340","fips":"HO","country":"Honduras","country_capital":"Tegucigalpa","area":112090,"population":9587522,"continent":"NA","tld":".hn","currency_code":"HNL","currency_name":"Lempira","phone":"504","postal_code_format":"@@####","postal_code_regex":"^([A-Z]{2}\\d{4})$","languages":"es-HN,cab,miq","geoname_id":3608932,"neighbours":"GT,NI,SV","equivalent_fips_code":""},{"iso":"HR","iso3":"HRV","iso_numeric":"191","fips":"HR","country":"Croatia","country_capital":"Zagreb","area":56542,"population":4089400,"continent":"EU","tld":".hr","currency_code":"HRK","currency_name":"Kuna","phone":"385","postal_code_format":"#####","postal_code_regex":"^(?:HR)*(\\d{5})$","languages":"hr-HR,sr","geoname_id":3202326,"neighbours":"HU,SI,BA,ME,RS","equivalent_fips_code":""},{"iso":"HT","iso3":"HTI","iso_numeric":"332","fips":"HA","country":"Haiti","country_capital":"Port-au-Prince","area":27750,"population":11123176,"continent":"NA","tld":".ht","currency_code":"HTG","currency_name":"Gourde","phone":"509","postal_code_format":"HT####","postal_code_regex":"^(?:HT)*(\\d{4})$","languages":"ht,fr-HT","geoname_id":3723988,"neighbours":"DO","equivalent_fips_code":""},{"iso":"HU","iso3":"HUN","iso_numeric":"348","fips":"HU","country":"Hungary","country_capital":"Budapest","area":93030,"population":9768785,"continent":"EU","tld":".hu","currency_code":"HUF","currency_name":"Forint","phone":"36","postal_code_format":"####","postal_code_regex":"^(\\d{4})$","languages":"hu-HU","geoname_id":719819,"neighbours":"SK,SI,RO,UA,HR,AT,RS","equivalent_fips_code":""},{"iso":"ID","iso3":"IDN","iso_numeric":"360","fips":"ID","country":"Indonesia","country_capital":"Jakarta","area":1919440,"population":267663435,"continent":"AS","tld":".id","currency_code":"IDR","currency_name":"Rupiah","phone":"62","postal_code_format":"#####","postal_code_regex":"^(\\d{5})$","languages":"id,en,nl,jv","geoname_id":1643084,"neighbours":"PG,TL,MY","equivalent_fips_code":""},{"iso":"IE","iso3":"IRL","iso_numeric":"372","fips":"EI","country":"Ireland","country_capital":"Dublin","area":70280,"population":4853506,"continent":"EU","tld":".ie","currency_code":"EUR","currency_name":"Euro","phone":"353","postal_code_format":"@@@ @@@@","postal_code_regex":"^(D6W|[AC-FHKNPRTV-Y][0-9]{2})\\s?([AC-FHKNPRTV-Y0-9]{4})","languages":"en-IE,ga-IE","geoname_id":2963597,"neighbours":"GB","equivalent_fips_code":""},{"iso":"IL","iso3":"ISR","iso_numeric":"376","fips":"IS","country":"Israel","country_capital":"Jerusalem","area":20770,"population":8883800,"continent":"AS","tld":".il","currency_code":"ILS","currency_name":"Shekel","phone":"972","postal_code_format":"#######","postal_code_regex":"^(\\d{7}|\\d{5})$","languages":"he,ar-IL,en-IL,","geoname_id":294640,"neighbours":"SY,JO,LB,EG,PS","equivalent_fips_code":""},{"iso":"IM","iso3":"IMN","iso_numeric":"833","fips":"IM","country":"Isle of Man","country_capital":"Douglas","area":572,"population":84077,"continent":"EU","tld":".im","currency_code":"GBP","currency_name":"Pound","phone":"+44-1624","postal_code_format":"@# #@@|@## #@@|@@# #@@|@@## #@@|@#@ #@@|@@#@ #@@|GIR0AA","postal_code_regex":"^((?:(?:[A-PR-UWYZ][A-HK-Y]\\d[ABEHMNPRV-Y0-9]|[A-PR-UWYZ]\\d[A-HJKPS-UW0-9])\\s\\d[ABD-HJLNP-UW-Z]{2})|GIR\\s?0AA)$","languages":"en,gv","geoname_id":3042225,"neighbours":"","equivalent_fips_code":""},{"iso":"IN","iso3":"IND","iso_numeric":"356","fips":"IN","country":"India","country_capital":"New Delhi","area":3287590,"population":1352617328,"continent":"AS","tld":".in","currency_code":"INR","currency_name":"Rupee","phone":"91","postal_code_format":"######","postal_code_regex":"^(\\d{6})$","languages":"en-IN,hi,bn,te,mr,ta,ur,gu,kn,ml,or,pa,as,bh,sat,ks,ne,sd,kok,doi,mni,sit,sa,fr,lus,inc","geoname_id":1269750,"neighbours":"CN,NP,MM,BT,PK,BD","equivalent_fips_code":""},{"iso":"IO","iso3":"IOT","iso_numeric":"086","fips":"IO","country":"British Indian Ocean Territory","country_capital":"Diego Garcia","area":60,"population":4000,"continent":"AS","tld":".io","currency_code":"USD","currency_name":"Dollar","phone":"246","postal_code_format":"","postal_code_regex":"","languages":"en-IO","geoname_id":1282588,"neighbours":"","equivalent_fips_code":""},{"iso":"IQ","iso3":"IRQ","iso_numeric":"368","fips":"IZ","country":"Iraq","country_capital":"Baghdad","area":437072,"population":38433600,"continent":"AS","tld":".iq","currency_code":"IQD","currency_name":"Dinar","phone":"964","postal_code_format":"#####","postal_code_regex":"^(\\d{5})$","languages":"ar-IQ,ku,hy","geoname_id":99237,"neighbours":"SY,SA,IR,JO,TR,KW","equivalent_fips_code":""},{"iso":"IR","iso3":"IRN","iso_numeric":"364","fips":"IR","country":"Iran","country_capital":"Tehran","area":1648000,"population":81800269,"continent":"AS","tld":".ir","currency_code":"IRR","currency_name":"Rial","phone":"98","postal_code_format":"##########","postal_code_regex":"^(\\d{10})$","languages":"fa-IR,ku","geoname_id":130758,"neighbours":"TM,AF,IQ,AM,PK,AZ,TR","equivalent_fips_code":""},{"iso":"IS","iso3":"ISL","iso_numeric":"352","fips":"IC","country":"Iceland","country_capital":"Reykjavik","area":103000,"population":353574,"continent":"EU","tld":".is","currency_code":"ISK","currency_name":"Krona","phone":"354","postal_code_format":"###","postal_code_regex":"^(\\d{3})$","languages":"is,en,de,da,sv,no","geoname_id":2629691,"neighbours":"","equivalent_fips_code":""},{"iso":"IT","iso3":"ITA","iso_numeric":"380","fips":"IT","country":"Italy","country_capital":"Rome","area":301230,"population":60431283,"continent":"EU","tld":".it","currency_code":"EUR","currency_name":"Euro","phone":"39","postal_code_format":"#####","postal_code_regex":"^(\\d{5})$","languages":"it-IT,de-IT,fr-IT,sc,ca,co,sl","geoname_id":3175395,"neighbours":"CH,VA,SI,SM,FR,AT","equivalent_fips_code":""},{"iso":"JE","iso3":"JEY","iso_numeric":"832","fips":"JE","country":"Jersey","country_capital":"Saint Helier","area":116,"population":90812,"continent":"EU","tld":".je","currency_code":"GBP","currency_name":"Pound","phone":"+44-1534","postal_code_format":"@# #@@|@## #@@|@@# #@@|@@## #@@|@#@ #@@|@@#@ #@@|GIR0AA","postal_code_regex":"^((?:(?:[A-PR-UWYZ][A-HK-Y]\\d[ABEHMNPRV-Y0-9]|[A-PR-UWYZ]\\d[A-HJKPS-UW0-9])\\s\\d[ABD-HJLNP-UW-Z]{2})|GIR\\s?0AA)$","languages":"en,fr,nrf","geoname_id":3042142,"neighbours":"","equivalent_fips_code":""},{"iso":"JM","iso3":"JAM","iso_numeric":"388","fips":"JM","country":"Jamaica","country_capital":"Kingston","area":10991,"population":2934855,"continent":"NA","tld":".jm","currency_code":"JMD","currency_name":"Dollar","phone":"+1-876","postal_code_format":"","postal_code_regex":"","languages":"en-JM","geoname_id":3489940,"neighbours":"","equivalent_fips_code":""},{"iso":"JO","iso3":"JOR","iso_numeric":"400","fips":"JO","country":"Jordan","country_capital":"Amman","area":92300,"population":9956011,"continent":"AS","tld":".jo","currency_code":"JOD","currency_name":"Dinar","phone":"962","postal_code_format":"#####","postal_code_regex":"^(\\d{5})$","languages":"ar-JO,en","geoname_id":248816,"neighbours":"SY,SA,IQ,IL,PS","equivalent_fips_code":""},{"iso":"JP","iso3":"JPN","iso_numeric":"392","fips":"JA","country":"Japan","country_capital":"Tokyo","area":377835,"population":126529100,"continent":"AS","tld":".jp","currency_code":"JPY","currency_name":"Yen","phone":"81","postal_code_format":"###-####","postal_code_regex":"^\\d{3}-\\d{4}$","languages":"ja","geoname_id":1861060,"neighbours":"","equivalent_fips_code":""},{"iso":"KE","iso3":"KEN","iso_numeric":"404","fips":"KE","country":"Kenya","country_capital":"Nairobi","area":582650,"population":51393010,"continent":"AF","tld":".ke","currency_code":"KES","currency_name":"Shilling","phone":"254","postal_code_format":"#####","postal_code_regex":"^(\\d{5})$","languages":"en-KE,sw-KE","geoname_id":192950,"neighbours":"ET,TZ,SS,SO,UG","equivalent_fips_code":""},{"iso":"KG","iso3":"KGZ","iso_numeric":"417","fips":"KG","country":"Kyrgyzstan","country_capital":"Bishkek","area":198500,"population":6315800,"continent":"AS","tld":".kg","currency_code":"KGS","currency_name":"Som","phone":"996","postal_code_format":"######","postal_code_regex":"^(\\d{6})$","languages":"ky,uz,ru","geoname_id":1527747,"neighbours":"CN,TJ,UZ,KZ","equivalent_fips_code":""},{"iso":"KH","iso3":"KHM","iso_numeric":"116","fips":"CB","country":"Cambodia","country_capital":"Phnom Penh","area":181040,"population":16249798,"continent":"AS","tld":".kh","currency_code":"KHR","currency_name":"Riels","phone":"855","postal_code_format":"#####","postal_code_regex":"^(\\d{5})$","languages":"km,fr,en","geoname_id":1831722,"neighbours":"LA,TH,VN","equivalent_fips_code":""},{"iso":"KI","iso3":"KIR","iso_numeric":"296","fips":"KR","country":"Kiribati","country_capital":"Tarawa","area":811,"population":115847,"continent":"OC","tld":".ki","currency_code":"AUD","currency_name":"Dollar","phone":"686","postal_code_format":"","postal_code_regex":"","languages":"en-KI,gil","geoname_id":4030945,"neighbours":"","equivalent_fips_code":""},{"iso":"KM","iso3":"COM","iso_numeric":"174","fips":"CN","country":"Comoros","country_capital":"Moroni","area":2170,"population":832322,"continent":"AF","tld":".km","currency_code":"KMF","currency_name":"Franc","phone":"269","postal_code_format":"","postal_code_regex":"","languages":"ar,fr-KM","geoname_id":921929,"neighbours":"","equivalent_fips_code":""},{"iso":"KN","iso3":"KNA","iso_numeric":"659","fips":"SC","country":"Saint Kitts and Nevis","country_capital":"Basseterre","area":261,"population":52441,"continent":"NA","tld":".kn","currency_code":"XCD","currency_name":"Dollar","phone":"+1-869","postal_code_format":"","postal_code_regex":"","languages":"en-KN","geoname_id":3575174,"neighbours":"","equivalent_fips_code":""},{"iso":"KP","iso3":"PRK","iso_numeric":"408","fips":"KN","country":"North Korea","country_capital":"Pyongyang","area":120540,"population":25549819,"continent":"AS","tld":".kp","currency_code":"KPW","currency_name":"Won","phone":"850","postal_code_format":"###-###","postal_code_regex":"^(\\d{6})$","languages":"ko-KP","geoname_id":1873107,"neighbours":"CN,KR,RU","equivalent_fips_code":""},{"iso":"KR","iso3":"KOR","iso_numeric":"410","fips":"KS","country":"South Korea","country_capital":"Seoul","area":98480,"population":51635256,"continent":"AS","tld":".kr","currency_code":"KRW","currency_name":"Won","phone":"82","postal_code_format":"#####","postal_code_regex":"^(\\d{5})$","languages":"ko-KR,en","geoname_id":1835841,"neighbours":"KP","equivalent_fips_code":""},{"iso":"XK","iso3":"XKX","iso_numeric":"0","fips":"KV","country":"Kosovo","country_capital":"Pristina","area":10908,"population":1845300,"continent":"EU","tld":"","currency_code":"EUR","currency_name":"Euro","phone":"","postal_code_format":"","postal_code_regex":"","languages":"sq,sr","geoname_id":831053,"neighbours":"RS,AL,MK,ME","equivalent_fips_code":""},{"iso":"KW","iso3":"KWT","iso_numeric":"414","fips":"KU","country":"Kuwait","country_capital":"Kuwait City","area":17820,"population":4137309,"continent":"AS","tld":".kw","currency_code":"KWD","currency_name":"Dinar","phone":"965","postal_code_format":"#####","postal_code_regex":"^(\\d{5})$","languages":"ar-KW,en","geoname_id":285570,"neighbours":"SA,IQ","equivalent_fips_code":""},{"iso":"KY","iso3":"CYM","iso_numeric":"136","fips":"CJ","country":"Cayman Islands","country_capital":"George Town","area":262,"population":64174,"continent":"NA","tld":".ky","currency_code":"KYD","currency_name":"Dollar","phone":"+1-345","postal_code_format":"","postal_code_regex":"","languages":"en-KY","geoname_id":3580718,"neighbours":"","equivalent_fips_code":""},{"iso":"KZ","iso3":"KAZ","iso_numeric":"398","fips":"KZ","country":"Kazakhstan","country_capital":"Nur-Sultan","area":2717300,"population":18276499,"continent":"AS","tld":".kz","currency_code":"KZT","currency_name":"Tenge","phone":"7","postal_code_format":"######","postal_code_regex":"^(\\d{6})$","languages":"kk,ru","geoname_id":1522867,"neighbours":"TM,CN,KG,UZ,RU","equivalent_fips_code":""},{"iso":"LA","iso3":"LAO","iso_numeric":"418","fips":"LA","country":"Laos","country_capital":"Vientiane","area":236800,"population":7061507,"continent":"AS","tld":".la","currency_code":"LAK","currency_name":"Kip","phone":"856","postal_code_format":"#####","postal_code_regex":"^(\\d{5})$","languages":"lo,fr,en","geoname_id":1655842,"neighbours":"CN,MM,KH,TH,VN","equivalent_fips_code":""},{"iso":"LB","iso3":"LBN","iso_numeric":"422","fips":"LE","country":"Lebanon","country_capital":"Beirut","area":10400,"population":6848925,"continent":"AS","tld":".lb","currency_code":"LBP","currency_name":"Pound","phone":"961","postal_code_format":"#### ####|####","postal_code_regex":"^(\\d{4}(\\d{4})?)$","languages":"ar-LB,fr-LB,en,hy","geoname_id":272103,"neighbours":"SY,IL","equivalent_fips_code":""},{"iso":"LC","iso3":"LCA","iso_numeric":"662","fips":"ST","country":"Saint Lucia","country_capital":"Castries","area":616,"population":181889,"continent":"NA","tld":".lc","currency_code":"XCD","currency_name":"Dollar","phone":"+1-758","postal_code_format":"","postal_code_regex":"","languages":"en-LC","geoname_id":3576468,"neighbours":"","equivalent_fips_code":""},{"iso":"LI","iso3":"LIE","iso_numeric":"438","fips":"LS","country":"Liechtenstein","country_capital":"Vaduz","area":160,"population":37910,"continent":"EU","tld":".li","currency_code":"CHF","currency_name":"Franc","phone":"423","postal_code_format":"####","postal_code_regex":"^(\\d{4})$","languages":"de-LI","geoname_id":3042058,"neighbours":"CH,AT","equivalent_fips_code":""},{"iso":"LK","iso3":"LKA","iso_numeric":"144","fips":"CE","country":"Sri Lanka","country_capital":"Colombo","area":65610,"population":21670000,"continent":"AS","tld":".lk","currency_code":"LKR","currency_name":"Rupee","phone":"94","postal_code_format":"#####","postal_code_regex":"^(\\d{5})$","languages":"si,ta,en","geoname_id":1227603,"neighbours":"","equivalent_fips_code":""},{"iso":"LR","iso3":"LBR","iso_numeric":"430","fips":"LI","country":"Liberia","country_capital":"Monrovia","area":111370,"population":4818977,"continent":"AF","tld":".lr","currency_code":"LRD","currency_name":"Dollar","phone":"231","postal_code_format":"####","postal_code_regex":"^(\\d{4})$","languages":"en-LR","geoname_id":2275384,"neighbours":"SL,CI,GN","equivalent_fips_code":""},{"iso":"LS","iso3":"LSO","iso_numeric":"426","fips":"LT","country":"Lesotho","country_capital":"Maseru","area":30355,"population":2108132,"continent":"AF","tld":".ls","currency_code":"LSL","currency_name":"Loti","phone":"266","postal_code_format":"###","postal_code_regex":"^(\\d{3})$","languages":"en-LS,st,zu,xh","geoname_id":932692,"neighbours":"ZA","equivalent_fips_code":""},{"iso":"LT","iso3":"LTU","iso_numeric":"440","fips":"LH","country":"Lithuania","country_capital":"Vilnius","area":65200,"population":2789533,"continent":"EU","tld":".lt","currency_code":"EUR","currency_name":"Euro","phone":"370","postal_code_format":"LT-#####","postal_code_regex":"^(?:LT)*(\\d{5})$","languages":"lt,ru,pl","geoname_id":597427,"neighbours":"PL,BY,RU,LV","equivalent_fips_code":""},{"iso":"LU","iso3":"LUX","iso_numeric":"442","fips":"LU","country":"Luxembourg","country_capital":"Luxembourg","area":2586,"population":607728,"continent":"EU","tld":".lu","currency_code":"EUR","currency_name":"Euro","phone":"352","postal_code_format":"L-####","postal_code_regex":"^(?:L-)?\\d{4}$","languages":"lb,de-LU,fr-LU","geoname_id":2960313,"neighbours":"DE,BE,FR","equivalent_fips_code":""},{"iso":"LV","iso3":"LVA","iso_numeric":"428","fips":"LG","country":"Latvia","country_capital":"Riga","area":64589,"population":1926542,"continent":"EU","tld":".lv","currency_code":"EUR","currency_name":"Euro","phone":"371","postal_code_format":"LV-####","postal_code_regex":"^(?:LV)*(\\d{4})$","languages":"lv,ru,lt","geoname_id":458258,"neighbours":"LT,EE,BY,RU","equivalent_fips_code":""},{"iso":"LY","iso3":"LBY","iso_numeric":"434","fips":"LY","country":"Libya","country_capital":"Tripoli","area":1759540,"population":6678567,"continent":"AF","tld":".ly","currency_code":"LYD","currency_name":"Dinar","phone":"218","postal_code_format":"","postal_code_regex":"","languages":"ar-LY,it,en","geoname_id":2215636,"neighbours":"TD,NE,DZ,SD,TN,EG","equivalent_fips_code":""},{"iso":"MA","iso3":"MAR","iso_numeric":"504","fips":"MO","country":"Morocco","country_capital":"Rabat","area":446550,"population":36029138,"continent":"AF","tld":".ma","currency_code":"MAD","currency_name":"Dirham","phone":"212","postal_code_format":"#####","postal_code_regex":"^(\\d{5})$","languages":"ar-MA,ber,fr","geoname_id":2542007,"neighbours":"DZ,EH,ES","equivalent_fips_code":""},{"iso":"MC","iso3":"MCO","iso_numeric":"492","fips":"MN","country":"Monaco","country_capital":"Monaco","area":1.95,"population":38682,"continent":"EU","tld":".mc","currency_code":"EUR","currency_name":"Euro","phone":"377","postal_code_format":"#####","postal_code_regex":"^(\\d{5})$","languages":"fr-MC,en,it","geoname_id":2993457,"neighbours":"FR","equivalent_fips_code":""},{"iso":"MD","iso3":"MDA","iso_numeric":"498","fips":"MD","country":"Moldova","country_capital":"Chisinau","area":33843,"population":3545883,"continent":"EU","tld":".md","currency_code":"MDL","currency_name":"Leu","phone":"373","postal_code_format":"MD-####","postal_code_regex":"^MD-\\d{4}$","languages":"ro,ru,gag,tr","geoname_id":617790,"neighbours":"RO,UA","equivalent_fips_code":""},{"iso":"ME","iso3":"MNE","iso_numeric":"499","fips":"MJ","country":"Montenegro","country_capital":"Podgorica","area":14026,"population":622345,"continent":"EU","tld":".me","currency_code":"EUR","currency_name":"Euro","phone":"382","postal_code_format":"#####","postal_code_regex":"^(\\d{5})$","languages":"sr,hu,bs,sq,hr,rom","geoname_id":3194884,"neighbours":"AL,HR,BA,RS,XK","equivalent_fips_code":""},{"iso":"MF","iso3":"MAF","iso_numeric":"663","fips":"RN","country":"Saint Martin","country_capital":"Marigot","area":53,"population":37264,"continent":"NA","tld":".gp","currency_code":"EUR","currency_name":"Euro","phone":"590","postal_code_format":"#####","postal_code_regex":"^(\\d{5})$","languages":"fr","geoname_id":3578421,"neighbours":"SX","equivalent_fips_code":""},{"iso":"MG","iso3":"MDG","iso_numeric":"450","fips":"MA","country":"Madagascar","country_capital":"Antananarivo","area":587040,"population":26262368,"continent":"AF","tld":".mg","currency_code":"MGA","currency_name":"Ariary","phone":"261","postal_code_format":"###","postal_code_regex":"^(\\d{3})$","languages":"fr-MG,mg","geoname_id":1062947,"neighbours":"","equivalent_fips_code":""},{"iso":"MH","iso3":"MHL","iso_numeric":"584","fips":"RM","country":"Marshall Islands","country_capital":"Majuro","area":181.3,"population":58413,"continent":"OC","tld":".mh","currency_code":"USD","currency_name":"Dollar","phone":"692","postal_code_format":"#####-####","postal_code_regex":"^969\\d{2}(-\\d{4})$","languages":"mh,en-MH","geoname_id":2080185,"neighbours":"","equivalent_fips_code":""},{"iso":"MK","iso3":"MKD","iso_numeric":"807","fips":"MK","country":"North Macedonia","country_capital":"Skopje","area":25333,"population":2082958,"continent":"EU","tld":".mk","currency_code":"MKD","currency_name":"Denar","phone":"389","postal_code_format":"####","postal_code_regex":"^(\\d{4})$","languages":"mk,sq,tr,rmm,sr","geoname_id":718075,"neighbours":"AL,GR,BG,RS,XK","equivalent_fips_code":""},{"iso":"ML","iso3":"MLI","iso_numeric":"466","fips":"ML","country":"Mali","country_capital":"Bamako","area":1240000,"population":19077690,"continent":"AF","tld":".ml","currency_code":"XOF","currency_name":"Franc","phone":"223","postal_code_format":"","postal_code_regex":"","languages":"fr-ML,bm","geoname_id":2453866,"neighbours":"SN,NE,DZ,CI,GN,MR,BF","equivalent_fips_code":""},{"iso":"MM","iso3":"MMR","iso_numeric":"104","fips":"BM","country":"Myanmar","country_capital":"Nay Pyi Taw","area":678500,"population":53708395,"continent":"AS","tld":".mm","currency_code":"MMK","currency_name":"Kyat","phone":"95","postal_code_format":"#####","postal_code_regex":"^(\\d{5})$","languages":"my","geoname_id":1327865,"neighbours":"CN,LA,TH,BD,IN","equivalent_fips_code":""},{"iso":"MN","iso3":"MNG","iso_numeric":"496","fips":"MG","country":"Mongolia","country_capital":"Ulaanbaatar","area":1565000,"population":3170208,"continent":"AS","tld":".mn","currency_code":"MNT","currency_name":"Tugrik","phone":"976","postal_code_format":"######","postal_code_regex":"^(\\d{6})$","languages":"mn,ru","geoname_id":2029969,"neighbours":"CN,RU","equivalent_fips_code":""},{"iso":"MO","iso3":"MAC","iso_numeric":"446","fips":"MC","country":"Macao","country_capital":"Macao","area":254,"population":631636,"continent":"AS","tld":".mo","currency_code":"MOP","currency_name":"Pataca","phone":"853","postal_code_format":"","postal_code_regex":"","languages":"zh,zh-MO,pt","geoname_id":1821275,"neighbours":"","equivalent_fips_code":""},{"iso":"MP","iso3":"MNP","iso_numeric":"580","fips":"CQ","country":"Northern Mariana Islands","country_capital":"Saipan","area":477,"population":56882,"continent":"OC","tld":".mp","currency_code":"USD","currency_name":"Dollar","phone":"+1-670","postal_code_format":"#####","postal_code_regex":"^9695\\d{1}$","languages":"fil,tl,zh,ch-MP,en-MP","geoname_id":4041468,"neighbours":"","equivalent_fips_code":""},{"iso":"MQ","iso3":"MTQ","iso_numeric":"474","fips":"MB","country":"Martinique","country_capital":"Fort-de-France","area":1100,"population":432900,"continent":"NA","tld":".mq","currency_code":"EUR","currency_name":"Euro","phone":"596","postal_code_format":"#####","postal_code_regex":"^(\\d{5})$","languages":"fr-MQ","geoname_id":3570311,"neighbours":"","equivalent_fips_code":""},{"iso":"MR","iso3":"MRT","iso_numeric":"478","fips":"MR","country":"Mauritania","country_capital":"Nouakchott","area":1030700,"population":4403319,"continent":"AF","tld":".mr","currency_code":"MRU","currency_name":"Ouguiya","phone":"222","postal_code_format":"","postal_code_regex":"","languages":"ar-MR,fuc,snk,fr,mey,wo","geoname_id":2378080,"neighbours":"SN,DZ,EH,ML","equivalent_fips_code":""},{"iso":"MS","iso3":"MSR","iso_numeric":"500","fips":"MH","country":"Montserrat","country_capital":"Plymouth","area":102,"population":9341,"continent":"NA","tld":".ms","currency_code":"XCD","currency_name":"Dollar","phone":"+1-664","postal_code_format":"","postal_code_regex":"","languages":"en-MS","geoname_id":3578097,"neighbours":"","equivalent_fips_code":""},{"iso":"MT","iso3":"MLT","iso_numeric":"470","fips":"MT","country":"Malta","country_capital":"Valletta","area":316,"population":483530,"continent":"EU","tld":".mt","currency_code":"EUR","currency_name":"Euro","phone":"356","postal_code_format":"@@@ ####","postal_code_regex":"^[A-Z]{3}\\s?\\d{4}$","languages":"mt,en-MT","geoname_id":2562770,"neighbours":"","equivalent_fips_code":""},{"iso":"MU","iso3":"MUS","iso_numeric":"480","fips":"MP","country":"Mauritius","country_capital":"Port Louis","area":2040,"population":1265303,"continent":"AF","tld":".mu","currency_code":"MUR","currency_name":"Rupee","phone":"230","postal_code_format":"","postal_code_regex":"","languages":"en-MU,bho,fr","geoname_id":934292,"neighbours":"","equivalent_fips_code":""},{"iso":"MV","iso3":"MDV","iso_numeric":"462","fips":"MV","country":"Maldives","country_capital":"Male","area":300,"population":515696,"continent":"AS","tld":".mv","currency_code":"MVR","currency_name":"Rufiyaa","phone":"960","postal_code_format":"#####","postal_code_regex":"^(\\d{5})$","languages":"dv,en","geoname_id":1282028,"neighbours":"","equivalent_fips_code":""},{"iso":"MW","iso3":"MWI","iso_numeric":"454","fips":"MI","country":"Malawi","country_capital":"Lilongwe","area":118480,"population":17563749,"continent":"AF","tld":".mw","currency_code":"MWK","currency_name":"Kwacha","phone":"265","postal_code_format":"######","postal_code_regex":"^(\\d{6})$","languages":"ny,yao,tum,swk","geoname_id":927384,"neighbours":"TZ,MZ,ZM","equivalent_fips_code":""},{"iso":"MX","iso3":"MEX","iso_numeric":"484","fips":"MX","country":"Mexico","country_capital":"Mexico City","area":1972550,"population":126190788,"continent":"NA","tld":".mx","currency_code":"MXN","currency_name":"Peso","phone":"52","postal_code_format":"#####","postal_code_regex":"^(\\d{5})$","languages":"es-MX","geoname_id":3996063,"neighbours":"GT,US,BZ","equivalent_fips_code":""},{"iso":"MY","iso3":"MYS","iso_numeric":"458","fips":"MY","country":"Malaysia","country_capital":"Kuala Lumpur","area":329750,"population":31528585,"continent":"AS","tld":".my","currency_code":"MYR","currency_name":"Ringgit","phone":"60","postal_code_format":"#####","postal_code_regex":"^(\\d{5})$","languages":"ms-MY,en,zh,ta,te,ml,pa,th","geoname_id":1733045,"neighbours":"BN,TH,ID","equivalent_fips_code":""},{"iso":"MZ","iso3":"MOZ","iso_numeric":"508","fips":"MZ","country":"Mozambique","country_capital":"Maputo","area":801590,"population":29495962,"continent":"AF","tld":".mz","currency_code":"MZN","currency_name":"Metical","phone":"258","postal_code_format":"####","postal_code_regex":"^(\\d{4})$","languages":"pt-MZ,vmw","geoname_id":1036973,"neighbours":"ZW,TZ,SZ,ZA,ZM,MW","equivalent_fips_code":""},{"iso":"NA","iso3":"NAM","iso_numeric":"516","fips":"WA","country":"Namibia","country_capital":"Windhoek","area":825418,"population":2448255,"continent":"AF","tld":".na","currency_code":"NAD","currency_name":"Dollar","phone":"264","postal_code_format":"","postal_code_regex":"","languages":"en-NA,af,de,hz,naq","geoname_id":3355338,"neighbours":"ZA,BW,ZM,AO","equivalent_fips_code":""},{"iso":"NC","iso3":"NCL","iso_numeric":"540","fips":"NC","country":"New Caledonia","country_capital":"Noumea","area":19060,"population":284060,"continent":"OC","tld":".nc","currency_code":"XPF","currency_name":"Franc","phone":"687","postal_code_format":"#####","postal_code_regex":"^(\\d{5})$","languages":"fr-NC","geoname_id":2139685,"neighbours":"","equivalent_fips_code":""},{"iso":"NE","iso3":"NER","iso_numeric":"562","fips":"NG","country":"Niger","country_capital":"Niamey","area":1267000,"population":22442948,"continent":"AF","tld":".ne","currency_code":"XOF","currency_name":"Franc","phone":"227","postal_code_format":"####","postal_code_regex":"^(\\d{4})$","languages":"fr-NE,ha,kr,dje","geoname_id":2440476,"neighbours":"TD,BJ,DZ,LY,BF,NG,ML","equivalent_fips_code":""},{"iso":"NF","iso3":"NFK","iso_numeric":"574","fips":"NF","country":"Norfolk Island","country_capital":"Kingston","area":34.6,"population":1828,"continent":"OC","tld":".nf","currency_code":"AUD","currency_name":"Dollar","phone":"672","postal_code_format":"####","postal_code_regex":"^(\\d{4})$","languages":"en-NF","geoname_id":2155115,"neighbours":"","equivalent_fips_code":""},{"iso":"NG","iso3":"NGA","iso_numeric":"566","fips":"NI","country":"Nigeria","country_capital":"Abuja","area":923768,"population":195874740,"continent":"AF","tld":".ng","currency_code":"NGN","currency_name":"Naira","phone":"234","postal_code_format":"######","postal_code_regex":"^(\\d{6})$","languages":"en-NG,ha,yo,ig,ff","geoname_id":2328926,"neighbours":"TD,NE,BJ,CM","equivalent_fips_code":""},{"iso":"NI","iso3":"NIC","iso_numeric":"558","fips":"NU","country":"Nicaragua","country_capital":"Managua","area":129494,"population":6465513,"continent":"NA","tld":".ni","currency_code":"NIO","currency_name":"Cordoba","phone":"505","postal_code_format":"###-###-#","postal_code_regex":"^(\\d{7})$","languages":"es-NI,en","geoname_id":3617476,"neighbours":"CR,HN","equivalent_fips_code":""},{"iso":"NL","iso3":"NLD","iso_numeric":"528","fips":"NL","country":"Netherlands","country_capital":"Amsterdam","area":41526,"population":17231017,"continent":"EU","tld":".nl","currency_code":"EUR","currency_name":"Euro","phone":"31","postal_code_format":"#### @@","postal_code_regex":"^(\\d{4}\\s?[a-zA-Z]{2})$","languages":"nl-NL,fy-NL","geoname_id":2750405,"neighbours":"DE,BE","equivalent_fips_code":""},{"iso":"NO","iso3":"NOR","iso_numeric":"578","fips":"NO","country":"Norway","country_capital":"Oslo","area":324220,"population":5314336,"continent":"EU","tld":".no","currency_code":"NOK","currency_name":"Krone","phone":"47","postal_code_format":"####","postal_code_regex":"^(\\d{4})$","languages":"no,nb,nn,se,fi","geoname_id":3144096,"neighbours":"FI,RU,SE","equivalent_fips_code":""},{"iso":"NP","iso3":"NPL","iso_numeric":"524","fips":"NP","country":"Nepal","country_capital":"Kathmandu","area":140800,"population":28087871,"continent":"AS","tld":".np","currency_code":"NPR","currency_name":"Rupee","phone":"977","postal_code_format":"#####","postal_code_regex":"^(\\d{5})$","languages":"ne,en","geoname_id":1282988,"neighbours":"CN,IN","equivalent_fips_code":""},{"iso":"NR","iso3":"NRU","iso_numeric":"520","fips":"NR","country":"Nauru","country_capital":"Yaren","area":21,"population":12704,"continent":"OC","tld":".nr","currency_code":"AUD","currency_name":"Dollar","phone":"674","postal_code_format":"","postal_code_regex":"","languages":"na,en-NR","geoname_id":2110425,"neighbours":"","equivalent_fips_code":""},{"iso":"NU","iso3":"NIU","iso_numeric":"570","fips":"NE","country":"Niue","country_capital":"Alofi","area":260,"population":2166,"continent":"OC","tld":".nu","currency_code":"NZD","currency_name":"Dollar","phone":"683","postal_code_format":"","postal_code_regex":"","languages":"niu,en-NU","geoname_id":4036232,"neighbours":"","equivalent_fips_code":""},{"iso":"NZ","iso3":"NZL","iso_numeric":"554","fips":"NZ","country":"New Zealand","country_capital":"Wellington","area":268680,"population":4885500,"continent":"OC","tld":".nz","currency_code":"NZD","currency_name":"Dollar","phone":"64","postal_code_format":"####","postal_code_regex":"^(\\d{4})$","languages":"en-NZ,mi","geoname_id":2186224,"neighbours":"","equivalent_fips_code":""},{"iso":"OM","iso3":"OMN","iso_numeric":"512","fips":"MU","country":"Oman","country_capital":"Muscat","area":212460,"population":4829483,"continent":"AS","tld":".om","currency_code":"OMR","currency_name":"Rial","phone":"968","postal_code_format":"###","postal_code_regex":"^(\\d{3})$","languages":"ar-OM,en,bal,ur","geoname_id":286963,"neighbours":"SA,YE,AE","equivalent_fips_code":""},{"iso":"PA","iso3":"PAN","iso_numeric":"591","fips":"PM","country":"Panama","country_capital":"Panama City","area":78200,"population":4176873,"continent":"NA","tld":".pa","currency_code":"PAB","currency_name":"Balboa","phone":"507","postal_code_format":"","postal_code_regex":"","languages":"es-PA,en","geoname_id":3703430,"neighbours":"CR,CO","equivalent_fips_code":""},{"iso":"PE","iso3":"PER","iso_numeric":"604","fips":"PE","country":"Peru","country_capital":"Lima","area":1285220,"population":31989256,"continent":"SA","tld":".pe","currency_code":"PEN","currency_name":"Sol","phone":"51","postal_code_format":"#####","postal_code_regex":"^(\\d{5})$","languages":"es-PE,qu,ay","geoname_id":3932488,"neighbours":"EC,CL,BO,BR,CO","equivalent_fips_code":""},{"iso":"PF","iso3":"PYF","iso_numeric":"258","fips":"FP","country":"French Polynesia","country_capital":"Papeete","area":4167,"population":277679,"continent":"OC","tld":".pf","currency_code":"XPF","currency_name":"Franc","phone":"689","postal_code_format":"#####","postal_code_regex":"^((97|98)7\\d{2})$","languages":"fr-PF,ty","geoname_id":4030656,"neighbours":"","equivalent_fips_code":""},{"iso":"PG","iso3":"PNG","iso_numeric":"598","fips":"PP","country":"Papua New Guinea","country_capital":"Port Moresby","area":462840,"population":8606316,"continent":"OC","tld":".pg","currency_code":"PGK","currency_name":"Kina","phone":"675","postal_code_format":"###","postal_code_regex":"^(\\d{3})$","languages":"en-PG,ho,meu,tpi","geoname_id":2088628,"neighbours":"ID","equivalent_fips_code":""},{"iso":"PH","iso3":"PHL","iso_numeric":"608","fips":"RP","country":"Philippines","country_capital":"Manila","area":300000,"population":106651922,"continent":"AS","tld":".ph","currency_code":"PHP","currency_name":"Peso","phone":"63","postal_code_format":"####","postal_code_regex":"^(\\d{4})$","languages":"tl,en-PH,fil,ceb,tgl,ilo,hil,war,pam,bik,bcl,pag,mrw,tsg,mdh,cbk,krj,sgd,msb,akl,ibg,yka,mta,abx","geoname_id":1694008,"neighbours":"","equivalent_fips_code":""},{"iso":"PK","iso3":"PAK","iso_numeric":"586","fips":"PK","country":"Pakistan","country_capital":"Islamabad","area":803940,"population":212215030,"continent":"AS","tld":".pk","currency_code":"PKR","currency_name":"Rupee","phone":"92","postal_code_format":"#####","postal_code_regex":"^(\\d{5})$","languages":"ur-PK,en-PK,pa,sd,ps,brh","geoname_id":1168579,"neighbours":"CN,AF,IR,IN","equivalent_fips_code":""},{"iso":"PL","iso3":"POL","iso_numeric":"616","fips":"PL","country":"Poland","country_capital":"Warsaw","area":312685,"population":37978548,"continent":"EU","tld":".pl","currency_code":"PLN","currency_name":"Zloty","phone":"48","postal_code_format":"##-###","postal_code_regex":"^\\d{2}-\\d{3}$","languages":"pl","geoname_id":798544,"neighbours":"DE,LT,SK,CZ,BY,UA,RU","equivalent_fips_code":""},{"iso":"PM","iso3":"SPM","iso_numeric":"666","fips":"SB","country":"Saint Pierre and Miquelon","country_capital":"Saint-Pierre","area":242,"population":7012,"continent":"NA","tld":".pm","currency_code":"EUR","currency_name":"Euro","phone":"508","postal_code_format":"#####","postal_code_regex":"^(97500)$","languages":"fr-PM","geoname_id":3424932,"neighbours":"","equivalent_fips_code":""},{"iso":"PN","iso3":"PCN","iso_numeric":"612","fips":"PC","country":"Pitcairn","country_capital":"Adamstown","area":47,"population":46,"continent":"OC","tld":".pn","currency_code":"NZD","currency_name":"Dollar","phone":"870","postal_code_format":"","postal_code_regex":"","languages":"en-PN","geoname_id":4030699,"neighbours":"","equivalent_fips_code":""},{"iso":"PR","iso3":"PRI","iso_numeric":"630","fips":"RQ","country":"Puerto Rico","country_capital":"San Juan","area":9104,"population":3195153,"continent":"NA","tld":".pr","currency_code":"USD","currency_name":"Dollar","phone":"+1-787 and 1-939","postal_code_format":"#####-####","postal_code_regex":"^00[679]\\d{2}(?:-\\d{4})?$","languages":"en-PR,es-PR","geoname_id":4566966,"neighbours":"","equivalent_fips_code":""},{"iso":"PS","iso3":"PSE","iso_numeric":"275","fips":"WE","country":"Palestinian Territory","country_capital":"East Jerusalem","area":5970,"population":4569087,"continent":"AS","tld":".ps","currency_code":"ILS","currency_name":"Shekel","phone":"970","postal_code_format":"","postal_code_regex":"","languages":"ar-PS","geoname_id":6254930,"neighbours":"JO,IL,EG","equivalent_fips_code":""},{"iso":"PT","iso3":"PRT","iso_numeric":"620","fips":"PO","country":"Portugal","country_capital":"Lisbon","area":92391,"population":10281762,"continent":"EU","tld":".pt","currency_code":"EUR","currency_name":"Euro","phone":"351","postal_code_format":"####-###","postal_code_regex":"^\\d{4}-\\d{3}\\s?[a-zA-Z]{0,25}$","languages":"pt-PT,mwl","geoname_id":2264397,"neighbours":"ES","equivalent_fips_code":""},{"iso":"PW","iso3":"PLW","iso_numeric":"585","fips":"PS","country":"Palau","country_capital":"Melekeok","area":458,"population":17907,"continent":"OC","tld":".pw","currency_code":"USD","currency_name":"Dollar","phone":"680","postal_code_format":"96940","postal_code_regex":"^(96940)$","languages":"pau,sov,en-PW,tox,ja,fil,zh","geoname_id":1559582,"neighbours":"","equivalent_fips_code":""},{"iso":"PY","iso3":"PRY","iso_numeric":"600","fips":"PA","country":"Paraguay","country_capital":"Asuncion","area":406750,"population":6956071,"continent":"SA","tld":".py","currency_code":"PYG","currency_name":"Guarani","phone":"595","postal_code_format":"####","postal_code_regex":"^(\\d{4})$","languages":"es-PY,gn","geoname_id":3437598,"neighbours":"BO,BR,AR","equivalent_fips_code":""},{"iso":"QA","iso3":"QAT","iso_numeric":"634","fips":"QA","country":"Qatar","country_capital":"Doha","area":11437,"population":2781677,"continent":"AS","tld":".qa","currency_code":"QAR","currency_name":"Rial","phone":"974","postal_code_format":"","postal_code_regex":"","languages":"ar-QA,es","geoname_id":289688,"neighbours":"SA","equivalent_fips_code":""},{"iso":"RE","iso3":"REU","iso_numeric":"638","fips":"RE","country":"Reunion","country_capital":"Saint-Denis","area":2517,"population":776948,"continent":"AF","tld":".re","currency_code":"EUR","currency_name":"Euro","phone":"262","postal_code_format":"#####","postal_code_regex":"^((97|98)(4|7|8)\\d{2})$","languages":"fr-RE","geoname_id":935317,"neighbours":"","equivalent_fips_code":""},{"iso":"RO","iso3":"ROU","iso_numeric":"642","fips":"RO","country":"Romania","country_capital":"Bucharest","area":237500,"population":19473936,"continent":"EU","tld":".ro","currency_code":"RON","currency_name":"Leu","phone":"40","postal_code_format":"######","postal_code_regex":"^(\\d{6})$","languages":"ro,hu,rom","geoname_id":798549,"neighbours":"MD,HU,UA,BG,RS","equivalent_fips_code":""},{"iso":"RS","iso3":"SRB","iso_numeric":"688","fips":"RI","country":"Serbia","country_capital":"Belgrade","area":88361,"population":6982084,"continent":"EU","tld":".rs","currency_code":"RSD","currency_name":"Dinar","phone":"381","postal_code_format":"######","postal_code_regex":"^(\\d{6})$","languages":"sr,hu,bs,rom","geoname_id":6290252,"neighbours":"AL,HU,MK,RO,HR,BA,BG,ME,XK","equivalent_fips_code":""},{"iso":"RU","iso3":"RUS","iso_numeric":"643","fips":"RS","country":"Russia","country_capital":"Moscow","area":17100000,"population":144478050,"continent":"EU","tld":".ru","currency_code":"RUB","currency_name":"Ruble","phone":"7","postal_code_format":"######","postal_code_regex":"^(\\d{6})$","languages":"ru,tt,xal,cau,ady,kv,ce,tyv,cv,udm,tut,mns,bua,myv,mdf,chm,ba,inh,tut,kbd,krc,av,sah,nog","geoname_id":2017370,"neighbours":"GE,CN,BY,UA,KZ,LV,PL,EE,LT,FI,MN,NO,AZ,KP","equivalent_fips_code":""},{"iso":"RW","iso3":"RWA","iso_numeric":"646","fips":"RW","country":"Rwanda","country_capital":"Kigali","area":26338,"population":12301939,"continent":"AF","tld":".rw","currency_code":"RWF","currency_name":"Franc","phone":"250","postal_code_format":"","postal_code_regex":"","languages":"rw,en-RW,fr-RW,sw","geoname_id":49518,"neighbours":"TZ,CD,BI,UG","equivalent_fips_code":""},{"iso":"SA","iso3":"SAU","iso_numeric":"682","fips":"SA","country":"Saudi Arabia","country_capital":"Riyadh","area":1960582,"population":33699947,"continent":"AS","tld":".sa","currency_code":"SAR","currency_name":"Rial","phone":"966","postal_code_format":"#####","postal_code_regex":"^(\\d{5})$","languages":"ar-SA","geoname_id":102358,"neighbours":"QA,OM,IQ,YE,JO,AE,KW","equivalent_fips_code":""},{"iso":"SB","iso3":"SLB","iso_numeric":"090","fips":"BP","country":"Solomon Islands","country_capital":"Honiara","area":28450,"population":652858,"continent":"OC","tld":".sb","currency_code":"SBD","currency_name":"Dollar","phone":"677","postal_code_format":"","postal_code_regex":"","languages":"en-SB,tpi","geoname_id":2103350,"neighbours":"","equivalent_fips_code":""},{"iso":"SC","iso3":"SYC","iso_numeric":"690","fips":"SE","country":"Seychelles","country_capital":"Victoria","area":455,"population":96762,"continent":"AF","tld":".sc","currency_code":"SCR","currency_name":"Rupee","phone":"248","postal_code_format":"","postal_code_regex":"","languages":"en-SC,fr-SC","geoname_id":241170,"neighbours":"","equivalent_fips_code":""},{"iso":"SD","iso3":"SDN","iso_numeric":"729","fips":"SU","country":"Sudan","country_capital":"Khartoum","area":1861484,"population":41801533,"continent":"AF","tld":".sd","currency_code":"SDG","currency_name":"Pound","phone":"249","postal_code_format":"#####","postal_code_regex":"^(\\d{5})$","languages":"ar-SD,en,fia","geoname_id":366755,"neighbours":"SS,TD,EG,ET,ER,LY,CF","equivalent_fips_code":""},{"iso":"SS","iso3":"SSD","iso_numeric":"728","fips":"OD","country":"South Sudan","country_capital":"Juba","area":644329,"population":8260490,"continent":"AF","tld":".ss","currency_code":"SSP","currency_name":"Pound","phone":"211","postal_code_format":"","postal_code_regex":"","languages":"en","geoname_id":7909807,"neighbours":"CD,CF,ET,KE,SD,UG","equivalent_fips_code":""},{"iso":"SE","iso3":"SWE","iso_numeric":"752","fips":"SW","country":"Sweden","country_capital":"Stockholm","area":449964,"population":10183175,"continent":"EU","tld":".se","currency_code":"SEK","currency_name":"Krona","phone":"46","postal_code_format":"### ##","postal_code_regex":"^(?:SE)?\\d{3}\\s\\d{2}$","languages":"sv-SE,se,sma,fi-SE","geoname_id":2661886,"neighbours":"NO,FI","equivalent_fips_code":""},{"iso":"SG","iso3":"SGP","iso_numeric":"702","fips":"SN","country":"Singapore","country_capital":"Singapore","area":692.7,"population":5638676,"continent":"AS","tld":".sg","currency_code":"SGD","currency_name":"Dollar","phone":"65","postal_code_format":"######","postal_code_regex":"^(\\d{6})$","languages":"cmn,en-SG,ms-SG,ta-SG,zh-SG","geoname_id":1880251,"neighbours":"","equivalent_fips_code":""},{"iso":"SH","iso3":"SHN","iso_numeric":"654","fips":"SH","country":"Saint Helena","country_capital":"Jamestown","area":410,"population":7460,"continent":"AF","tld":".sh","currency_code":"SHP","currency_name":"Pound","phone":"290","postal_code_format":"STHL 1ZZ","postal_code_regex":"^(STHL1ZZ)$","languages":"en-SH","geoname_id":3370751,"neighbours":"","equivalent_fips_code":""},{"iso":"SI","iso3":"SVN","iso_numeric":"705","fips":"SI","country":"Slovenia","country_capital":"Ljubljana","area":20273,"population":2067372,"continent":"EU","tld":".si","currency_code":"EUR","currency_name":"Euro","phone":"386","postal_code_format":"####","postal_code_regex":"^(?:SI)*(\\d{4})$","languages":"sl,sh","geoname_id":3190538,"neighbours":"HU,IT,HR,AT","equivalent_fips_code":""},{"iso":"SJ","iso3":"SJM","iso_numeric":"744","fips":"SV","country":"Svalbard and Jan Mayen","country_capital":"Longyearbyen","area":62049,"population":2550,"continent":"EU","tld":".sj","currency_code":"NOK","currency_name":"Krone","phone":"47","postal_code_format":"####","postal_code_regex":"^(\\d{4})$","languages":"no,ru","geoname_id":607072,"neighbours":"","equivalent_fips_code":""},{"iso":"SK","iso3":"SVK","iso_numeric":"703","fips":"LO","country":"Slovakia","country_capital":"Bratislava","area":48845,"population":5447011,"continent":"EU","tld":".sk","currency_code":"EUR","currency_name":"Euro","phone":"421","postal_code_format":"### ##","postal_code_regex":"^\\d{3}\\s?\\d{2}$","languages":"sk,hu","geoname_id":3057568,"neighbours":"PL,HU,CZ,UA,AT","equivalent_fips_code":""},{"iso":"SL","iso3":"SLE","iso_numeric":"694","fips":"SL","country":"Sierra Leone","country_capital":"Freetown","area":71740,"population":7650154,"continent":"AF","tld":".sl","currency_code":"SLL","currency_name":"Leone","phone":"232","postal_code_format":"","postal_code_regex":"","languages":"en-SL,men,tem","geoname_id":2403846,"neighbours":"LR,GN","equivalent_fips_code":""},{"iso":"SM","iso3":"SMR","iso_numeric":"674","fips":"SM","country":"San Marino","country_capital":"San Marino","area":61.2,"population":33785,"continent":"EU","tld":".sm","currency_code":"EUR","currency_name":"Euro","phone":"378","postal_code_format":"4789#","postal_code_regex":"^(4789\\d)$","languages":"it-SM","geoname_id":3168068,"neighbours":"IT","equivalent_fips_code":""},{"iso":"SN","iso3":"SEN","iso_numeric":"686","fips":"SG","country":"Senegal","country_capital":"Dakar","area":196190,"population":15854360,"continent":"AF","tld":".sn","currency_code":"XOF","currency_name":"Franc","phone":"221","postal_code_format":"#####","postal_code_regex":"^(\\d{5})$","languages":"fr-SN,wo,fuc,mnk","geoname_id":2245662,"neighbours":"GN,MR,GW,GM,ML","equivalent_fips_code":""},{"iso":"SO","iso3":"SOM","iso_numeric":"706","fips":"SO","country":"Somalia","country_capital":"Mogadishu","area":637657,"population":15008154,"continent":"AF","tld":".so","currency_code":"SOS","currency_name":"Shilling","phone":"252","postal_code_format":"@@  #####","postal_code_regex":"^([A-Z]{2}\\d{5})$","languages":"so-SO,ar-SO,it,en-SO","geoname_id":51537,"neighbours":"ET,KE,DJ","equivalent_fips_code":""},{"iso":"SR","iso3":"SUR","iso_numeric":"740","fips":"NS","country":"Suriname","country_capital":"Paramaribo","area":163270,"population":575991,"continent":"SA","tld":".sr","currency_code":"SRD","currency_name":"Dollar","phone":"597","postal_code_format":"","postal_code_regex":"","languages":"nl-SR,en,srn,hns,jv","geoname_id":3382998,"neighbours":"GY,BR,GF","equivalent_fips_code":""},{"iso":"ST","iso3":"STP","iso_numeric":"678","fips":"TP","country":"Sao Tome and Principe","country_capital":"Sao Tome","area":1001,"population":197700,"continent":"AF","tld":".st","currency_code":"STN","currency_name":"Dobra","phone":"239","postal_code_format":"","postal_code_regex":"","languages":"pt-ST","geoname_id":2410758,"neighbours":"","equivalent_fips_code":""},{"iso":"SV","iso3":"SLV","iso_numeric":"222","fips":"ES","country":"El Salvador","country_capital":"San Salvador","area":21040,"population":6420744,"continent":"NA","tld":".sv","currency_code":"USD","currency_name":"Dollar","phone":"503","postal_code_format":"CP ####","postal_code_regex":"^(?:CP)*(\\d{4})$","languages":"es-SV","geoname_id":3585968,"neighbours":"GT,HN","equivalent_fips_code":""},{"iso":"SX","iso3":"SXM","iso_numeric":"534","fips":"NN","country":"Sint Maarten","country_capital":"Philipsburg","area":21,"population":40654,"continent":"NA","tld":".sx","currency_code":"ANG","currency_name":"Guilder","phone":"599","postal_code_format":"","postal_code_regex":"","languages":"nl,en","geoname_id":7609695,"neighbours":"MF","equivalent_fips_code":""},{"iso":"SY","iso3":"SYR","iso_numeric":"760","fips":"SY","country":"Syria","country_capital":"Damascus","area":185180,"population":16906283,"continent":"AS","tld":".sy","currency_code":"SYP","currency_name":"Pound","phone":"963","postal_code_format":"","postal_code_regex":"","languages":"ar-SY,ku,hy,arc,fr,en","geoname_id":163843,"neighbours":"IQ,JO,IL,TR,LB","equivalent_fips_code":""},{"iso":"SZ","iso3":"SWZ","iso_numeric":"748","fips":"WZ","country":"Eswatini","country_capital":"Mbabane","area":17363,"population":1136191,"continent":"AF","tld":".sz","currency_code":"SZL","currency_name":"Lilangeni","phone":"268","postal_code_format":"@###","postal_code_regex":"^([A-Z]\\d{3})$","languages":"en-SZ,ss-SZ","geoname_id":934841,"neighbours":"ZA,MZ","equivalent_fips_code":""},{"iso":"TC","iso3":"TCA","iso_numeric":"796","fips":"TK","country":"Turks and Caicos Islands","country_capital":"Cockburn Town","area":430,"population":37665,"continent":"NA","tld":".tc","currency_code":"USD","currency_name":"Dollar","phone":"+1-649","postal_code_format":"TKCA 1ZZ","postal_code_regex":"^(TKCA 1ZZ)$","languages":"en-TC","geoname_id":3576916,"neighbours":"","equivalent_fips_code":""},{"iso":"TD","iso3":"TCD","iso_numeric":"148","fips":"CD","country":"Chad","country_capital":"N'Djamena","area":1284000,"population":15477751,"continent":"AF","tld":".td","currency_code":"XAF","currency_name":"Franc","phone":"235","postal_code_format":"","postal_code_regex":"","languages":"fr-TD,ar-TD,sre","geoname_id":2434508,"neighbours":"NE,LY,CF,SD,CM,NG","equivalent_fips_code":""},{"iso":"TF","iso3":"ATF","iso_numeric":"260","fips":"FS","country":"French Southern Territories","country_capital":"Port-aux-Francais","area":7829,"population":140,"continent":"AN","tld":".tf","currency_code":"EUR","currency_name":"Euro","phone":"","postal_code_format":"","postal_code_regex":"","languages":"fr","geoname_id":1546748,"neighbours":"","equivalent_fips_code":""},{"iso":"TG","iso3":"TGO","iso_numeric":"768","fips":"TO","country":"Togo","country_capital":"Lome","area":56785,"population":7889094,"continent":"AF","tld":".tg","currency_code":"XOF","currency_name":"Franc","phone":"228","postal_code_format":"","postal_code_regex":"","languages":"fr-TG,ee,hna,kbp,dag,ha","geoname_id":2363686,"neighbours":"BJ,GH,BF","equivalent_fips_code":""},{"iso":"TH","iso3":"THA","iso_numeric":"764","fips":"TH","country":"Thailand","country_capital":"Bangkok","area":514000,"population":69428524,"continent":"AS","tld":".th","currency_code":"THB","currency_name":"Baht","phone":"66","postal_code_format":"#####","postal_code_regex":"^(\\d{5})$","languages":"th,en","geoname_id":1605651,"neighbours":"LA,MM,KH,MY","equivalent_fips_code":""},{"iso":"TJ","iso3":"TJK","iso_numeric":"762","fips":"TI","country":"Tajikistan","country_capital":"Dushanbe","area":143100,"population":9100837,"continent":"AS","tld":".tj","currency_code":"TJS","currency_name":"Somoni","phone":"992","postal_code_format":"######","postal_code_regex":"^(\\d{6})$","languages":"tg,ru","geoname_id":1220409,"neighbours":"CN,AF,KG,UZ","equivalent_fips_code":""},{"iso":"TK","iso3":"TKL","iso_numeric":"772","fips":"TL","country":"Tokelau","country_capital":"","area":10,"population":1466,"continent":"OC","tld":".tk","currency_code":"NZD","currency_name":"Dollar","phone":"690","postal_code_format":"","postal_code_regex":"","languages":"tkl,en-TK","geoname_id":4031074,"neighbours":"","equivalent_fips_code":""},{"iso":"TL","iso3":"TLS","iso_numeric":"626","fips":"TT","country":"Timor Leste","country_capital":"Dili","area":15007,"population":1267972,"continent":"OC","tld":".tl","currency_code":"USD","currency_name":"Dollar","phone":"670","postal_code_format":"","postal_code_regex":"","languages":"tet,pt-TL,id,en","geoname_id":1966436,"neighbours":"ID","equivalent_fips_code":""},{"iso":"TM","iso3":"TKM","iso_numeric":"795","fips":"TX","country":"Turkmenistan","country_capital":"Ashgabat","area":488100,"population":5850908,"continent":"AS","tld":".tm","currency_code":"TMT","currency_name":"Manat","phone":"993","postal_code_format":"######","postal_code_regex":"^(\\d{6})$","languages":"tk,ru,uz","geoname_id":1218197,"neighbours":"AF,IR,UZ,KZ","equivalent_fips_code":""},{"iso":"TN","iso3":"TUN","iso_numeric":"788","fips":"TS","country":"Tunisia","country_capital":"Tunis","area":163610,"population":11565204,"continent":"AF","tld":".tn","currency_code":"TND","currency_name":"Dinar","phone":"216","postal_code_format":"####","postal_code_regex":"^(\\d{4})$","languages":"ar-TN,fr","geoname_id":2464461,"neighbours":"DZ,LY","equivalent_fips_code":""},{"iso":"TO","iso3":"TON","iso_numeric":"776","fips":"TN","country":"Tonga","country_capital":"Nuku'alofa","area":748,"population":103197,"continent":"OC","tld":".to","currency_code":"TOP","currency_name":"Pa'anga","phone":"676","postal_code_format":"","postal_code_regex":"","languages":"to,en-TO","geoname_id":4032283,"neighbours":"","equivalent_fips_code":""},{"iso":"TR","iso3":"TUR","iso_numeric":"792","fips":"TU","country":"Turkey","country_capital":"Ankara","area":780580,"population":82319724,"continent":"AS","tld":".tr","currency_code":"TRY","currency_name":"Lira","phone":"90","postal_code_format":"#####","postal_code_regex":"^(\\d{5})$","languages":"tr-TR,ku,diq,az,av","geoname_id":298795,"neighbours":"SY,GE,IQ,IR,GR,AM,AZ,BG","equivalent_fips_code":""},{"iso":"TT","iso3":"TTO","iso_numeric":"780","fips":"TD","country":"Trinidad and Tobago","country_capital":"Port of Spain","area":5128,"population":1389858,"continent":"NA","tld":".tt","currency_code":"TTD","currency_name":"Dollar","phone":"+1-868","postal_code_format":"","postal_code_regex":"","languages":"en-TT,hns,fr,es,zh","geoname_id":3573591,"neighbours":"","equivalent_fips_code":""},{"iso":"TV","iso3":"TUV","iso_numeric":"798","fips":"TV","country":"Tuvalu","country_capital":"Funafuti","area":26,"population":11508,"continent":"OC","tld":".tv","currency_code":"AUD","currency_name":"Dollar","phone":"688","postal_code_format":"","postal_code_regex":"","languages":"tvl,en,sm,gil","geoname_id":2110297,"neighbours":"","equivalent_fips_code":""},{"iso":"TW","iso3":"TWN","iso_numeric":"158","fips":"TW","country":"Taiwan","country_capital":"Taipei","area":35980,"population":22894384,"continent":"AS","tld":".tw","currency_code":"TWD","currency_name":"Dollar","phone":"886","postal_code_format":"#####","postal_code_regex":"^(\\d{5})$","languages":"zh-TW,zh,nan,hak","geoname_id":1668284,"neighbours":"","equivalent_fips_code":""},{"iso":"TZ","iso3":"TZA","iso_numeric":"834","fips":"TZ","country":"Tanzania","country_capital":"Dodoma","area":945087,"population":56318348,"continent":"AF","tld":".tz","currency_code":"TZS","currency_name":"Shilling","phone":"255","postal_code_format":"","postal_code_regex":"","languages":"sw-TZ,en,ar","geoname_id":149590,"neighbours":"MZ,KE,CD,RW,ZM,BI,UG,MW","equivalent_fips_code":""},{"iso":"UA","iso3":"UKR","iso_numeric":"804","fips":"UP","country":"Ukraine","country_capital":"Kyiv","area":603700,"population":44622516,"continent":"EU","tld":".ua","currency_code":"UAH","currency_name":"Hryvnia","phone":"380","postal_code_format":"#####","postal_code_regex":"^(\\d{5})$","languages":"uk,ru-UA,rom,pl,hu","geoname_id":690791,"neighbours":"PL,MD,HU,SK,BY,RO,RU","equivalent_fips_code":""},{"iso":"UG","iso3":"UGA","iso_numeric":"800","fips":"UG","country":"Uganda","country_capital":"Kampala","area":236040,"population":42723139,"continent":"AF","tld":".ug","currency_code":"UGX","currency_name":"Shilling","phone":"256","postal_code_format":"","postal_code_regex":"","languages":"en-UG,lg,sw,ar","geoname_id":226074,"neighbours":"TZ,KE,SS,CD,RW","equivalent_fips_code":""},{"iso":"UM","iso3":"UMI","iso_numeric":"581","fips":"","country":"United States Minor Outlying Islands","country_capital":"","area":0,"population":0,"continent":"OC","tld":".um","currency_code":"USD","currency_name":"Dollar","phone":"1","postal_code_format":"","postal_code_regex":"","languages":"en-UM","geoname_id":5854968,"neighbours":"","equivalent_fips_code":""},{"iso":"US","iso3":"USA","iso_numeric":"840","fips":"US","country":"United States","country_capital":"Washington","area":9629091,"population":327167434,"continent":"NA","tld":".us","currency_code":"USD","currency_name":"Dollar","phone":"1","postal_code_format":"#####-####","postal_code_regex":"^\\d{5}(-\\d{4})?$","languages":"en-US,es-US,haw,fr","geoname_id":6252001,"neighbours":"CA,MX,CU","equivalent_fips_code":""},{"iso":"UY","iso3":"URY","iso_numeric":"858","fips":"UY","country":"Uruguay","country_capital":"Montevideo","area":176220,"population":3449299,"continent":"SA","tld":".uy","currency_code":"UYU","currency_name":"Peso","phone":"598","postal_code_format":"#####","postal_code_regex":"^(\\d{5})$","languages":"es-UY","geoname_id":3439705,"neighbours":"BR,AR","equivalent_fips_code":""},{"iso":"UZ","iso3":"UZB","iso_numeric":"860","fips":"UZ","country":"Uzbekistan","country_capital":"Tashkent","area":447400,"population":32955400,"continent":"AS","tld":".uz","currency_code":"UZS","currency_name":"Som","phone":"998","postal_code_format":"######","postal_code_regex":"^(\\d{6})$","languages":"uz,ru,tg","geoname_id":1512440,"neighbours":"TM,AF,KG,TJ,KZ","equivalent_fips_code":""},{"iso":"VA","iso3":"VAT","iso_numeric":"336","fips":"VT","country":"Vatican","country_capital":"Vatican City","area":0.44,"population":921,"continent":"EU","tld":".va","currency_code":"EUR","currency_name":"Euro","phone":"379","postal_code_format":"#####","postal_code_regex":"^(\\d{5})$","languages":"la,it,fr","geoname_id":3164670,"neighbours":"IT","equivalent_fips_code":""},{"iso":"VC","iso3":"VCT","iso_numeric":"670","fips":"VC","country":"Saint Vincent and the Grenadines","country_capital":"Kingstown","area":389,"population":110211,"continent":"NA","tld":".vc","currency_code":"XCD","currency_name":"Dollar","phone":"+1-784","postal_code_format":"","postal_code_regex":"","languages":"en-VC,fr","geoname_id":3577815,"neighbours":"","equivalent_fips_code":""},{"iso":"VE","iso3":"VEN","iso_numeric":"862","fips":"VE","country":"Venezuela","country_capital":"Caracas","area":912050,"population":28870195,"continent":"SA","tld":".ve","currency_code":"VES","currency_name":"Bolivar Soberano","phone":"58","postal_code_format":"####","postal_code_regex":"^(\\d{4})$","languages":"es-VE","geoname_id":3625428,"neighbours":"GY,BR,CO","equivalent_fips_code":""},{"iso":"VG","iso3":"VGB","iso_numeric":"092","fips":"VI","country":"British Virgin Islands","country_capital":"Road Town","area":153,"population":29802,"continent":"NA","tld":".vg","currency_code":"USD","currency_name":"Dollar","phone":"+1-284","postal_code_format":"","postal_code_regex":"","languages":"en-VG","geoname_id":3577718,"neighbours":"","equivalent_fips_code":""},{"iso":"VI","iso3":"VIR","iso_numeric":"850","fips":"VQ","country":"U.S. Virgin Islands","country_capital":"Charlotte Amalie","area":352,"population":106977,"continent":"NA","tld":".vi","currency_code":"USD","currency_name":"Dollar","phone":"+1-340","postal_code_format":"#####-####","postal_code_regex":"^008\\d{2}(?:-\\d{4})?$","languages":"en-VI","geoname_id":4796775,"neighbours":"","equivalent_fips_code":""},{"iso":"VN","iso3":"VNM","iso_numeric":"704","fips":"VM","country":"Vietnam","country_capital":"Hanoi","area":329560,"population":95540395,"continent":"AS","tld":".vn","currency_code":"VND","currency_name":"Dong","phone":"84","postal_code_format":"######","postal_code_regex":"^(\\d{6})$","languages":"vi,en,fr,zh,km","geoname_id":1562822,"neighbours":"CN,LA,KH","equivalent_fips_code":""},{"iso":"VU","iso3":"VUT","iso_numeric":"548","fips":"NH","country":"Vanuatu","country_capital":"Port Vila","area":12200,"population":292680,"continent":"OC","tld":".vu","currency_code":"VUV","currency_name":"Vatu","phone":"678","postal_code_format":"","postal_code_regex":"","languages":"bi,en-VU,fr-VU","geoname_id":2134431,"neighbours":"","equivalent_fips_code":""},{"iso":"WF","iso3":"WLF","iso_numeric":"876","fips":"WF","country":"Wallis and Futuna","country_capital":"Mata Utu","area":274,"population":16025,"continent":"OC","tld":".wf","currency_code":"XPF","currency_name":"Franc","phone":"681","postal_code_format":"#####","postal_code_regex":"^(986\\d{2})$","languages":"wls,fud,fr-WF","geoname_id":4034749,"neighbours":"","equivalent_fips_code":""},{"iso":"WS","iso3":"WSM","iso_numeric":"882","fips":"WS","country":"Samoa","country_capital":"Apia","area":2944,"population":196130,"continent":"OC","tld":".ws","currency_code":"WST","currency_name":"Tala","phone":"685","postal_code_format":"","postal_code_regex":"","languages":"sm,en-WS","geoname_id":4034894,"neighbours":"","equivalent_fips_code":""},{"iso":"YE","iso3":"YEM","iso_numeric":"887","fips":"YM","country":"Yemen","country_capital":"Sanaa","area":527970,"population":28498687,"continent":"AS","tld":".ye","currency_code":"YER","currency_name":"Rial","phone":"967","postal_code_format":"","postal_code_regex":"","languages":"ar-YE","geoname_id":69543,"neighbours":"SA,OM","equivalent_fips_code":""},{"iso":"YT","iso3":"MYT","iso_numeric":"175","fips":"MF","country":"Mayotte","country_capital":"Mamoudzou","area":374,"population":279471,"continent":"AF","tld":".yt","currency_code":"EUR","currency_name":"Euro","phone":"262","postal_code_format":"#####","postal_code_regex":"^(\\d{5})$","languages":"fr-YT","geoname_id":1024031,"neighbours":"","equivalent_fips_code":""},{"iso":"ZA","iso3":"ZAF","iso_numeric":"710","fips":"SF","country":"South Africa","country_capital":"Pretoria","area":1219912,"population":57779622,"continent":"AF","tld":".za","currency_code":"ZAR","currency_name":"Rand","phone":"27","postal_code_format":"####","postal_code_regex":"^(\\d{4})$","languages":"zu,xh,af,nso,en-ZA,tn,st,ts,ss,ve,nr","geoname_id":953987,"neighbours":"ZW,SZ,MZ,BW,NA,LS","equivalent_fips_code":""},{"iso":"ZM","iso3":"ZMB","iso_numeric":"894","fips":"ZA","country":"Zambia","country_capital":"Lusaka","area":752614,"population":17351822,"continent":"AF","tld":".zm","currency_code":"ZMW","currency_name":"Kwacha","phone":"260","postal_code_format":"#####","postal_code_regex":"^(\\d{5})$","languages":"en-ZM,bem,loz,lun,lue,ny,toi","geoname_id":895949,"neighbours":"ZW,TZ,MZ,CD,NA,MW,AO","equivalent_fips_code":""},{"iso":"ZW","iso3":"ZWE","iso_numeric":"716","fips":"ZI","country":"Zimbabwe","country_capital":"Harare","area":390580,"population":14439018,"continent":"AF","tld":".zw","currency_code":"ZWL","currency_name":"Dollar","phone":"263","postal_code_format":"","postal_code_regex":"","languages":"en-ZW,sn,nr,nd","geoname_id":878675,"neighbours":"ZA,MZ,BW,ZM","equivalent_fips_code":""},{"iso":"CS","iso3":"SCG","iso_numeric":"891","fips":"YI","country":"Serbia and Montenegro","country_capital":"Belgrade","area":102350,"population":10829175,"continent":"EU","tld":".cs","currency_code":"RSD","currency_name":"Dinar","phone":"381","postal_code_format":"#####","postal_code_regex":"^(\\d{5})$","languages":"cu,hu,sq,sr","geoname_id":8505033,"neighbours":"AL,HU,MK,RO,HR,BA,BG","equivalent_fips_code":""},{"iso":"AN","iso3":"ANT","iso_numeric":"530","fips":"NT","country":"Netherlands Antilles","country_capital":"Willemstad","area":960,"population":300000,"continent":"NA","tld":".an","currency_code":"ANG","currency_name":"Guilder","phone":"599","postal_code_format":"","postal_code_regex":"","languages":"nl-AN,en,es","geoname_id":8505032,"neighbours":"GP","equivalent_fips_code":""}]